name,gender,cohort,frequency
Anne,F,1940,7042
Inger,F,1940,5344
Kari,F,1940,4276
Liv,F,1940,4216
Marit,F,1940,4027
Bjørg,F,1940,3407
Berit,F,1940,3273
Randi,F,1940,2680
Eva,F,1940,2677
Gerd,F,1940,2590
Karin,F,1940,2395
Solveig,F,1940,2315
Turid,F,1940,2293
Aud,F,1940,2287
Astrid,F,1940,2244
Else,F,1940,2139
Reidun,F,1940,1942
Wenche,F,1940,1873
Tove,F,1940,1756
Jorunn,F,1940,1712
Grethe,F,1940,1652
Kirsten,F,1940,1647
Ragnhild,F,1940,1638
Åse,F,1940,1622
Torill,F,1940,1587
Grete,F,1940,1552
Unni,F,1940,1545
Laila,F,1940,1504
Ingrid,F,1940,1483
Vigdis,F,1940,1477
Sissel,F,1940,1419
Ellen,F,1940,1404
Britt,F,1940,1352
Brit,F,1940,1320
Eli,F,1940,1239
Toril,F,1940,976
Bodil,F,1940,951
May,F,1940,855
Ruth,F,1940,845
Elisabeth,F,1940,838
Lillian,F,1940,787
Gunn,F,1940,784
Elin,F,1940,773
Bente,F,1940,761
Rigmor,F,1940,756
Anna,F,1940,719
Synnøve,F,1940,715
Solfrid,F,1940,671
Tone,F,1940,660
Torhild,F,1940,646
Anne-Lise,F,1940,619
Torunn,F,1940,617
Gunvor,F,1940,585
Kirsti,F,1940,583
Irene,F,1940,579
Mette,F,1940,575
Aase,F,1940,571
Jorun,F,1940,565
Torild,F,1940,563
Sidsel,F,1940,548
Lisbeth,F,1940,534
Elsa,F,1940,532
Gro,F,1940,528
Signe,F,1940,528
Sonja,F,1940,498
Helga,F,1940,487
Sigrid,F,1940,485
Karen,F,1940,483
Mary,F,1940,460
Marie,F,1940,449
Ingebjørg,F,1940,444
Ann,F,1940,442
Birgit,F,1940,439
Olaug,F,1940,425
Ingeborg,F,1940,420
Ingunn,F,1940,406
Aslaug,F,1940,395
Lise,F,1940,386
Mona,F,1940,382
Sigrun,F,1940,380
Greta,F,1940,370
Magnhild,F,1940,363
Erna,F,1940,360
Rita,F,1940,358
Gunhild,F,1940,354
Åshild,F,1940,348
Eldbjørg,F,1940,336
Evy,F,1940,332
Svanhild,F,1940,331
Tordis,F,1940,331
Edel,F,1940,330
Marianne,F,1940,327
Kjellaug,F,1940,326
Målfrid,F,1940,321
Sølvi,F,1940,320
Hilde,F,1940,317
Astri,F,1940,302
Anny,F,1940,300
Oddny,F,1940,299
Guri,F,1940,288
Oddbjørg,F,1940,286
Solbjørg,F,1940,283
Gudrun,F,1940,279
Ellinor,F,1940,271
Kristin,F,1940,269
Hanne,F,1940,268
Edith,F,1940,267
Vera,F,1940,265
Margit,F,1940,257
Siri,F,1940,250
Arnhild,F,1940,249
Evelyn,F,1940,249
Ingjerd,F,1940,245
Oddrun,F,1940,244
Anne-Marie,F,1940,237
Sylvi,F,1940,236
Haldis,F,1940,234
Maria,F,1940,230
Inger-Lise,F,1940,226
Brita,F,1940,225
Helene,F,1940,225
Johanne,F,1940,224
Nina,F,1940,223
Ranveig,F,1940,223
Kjersti,F,1940,218
Judith,F,1940,214
Frøydis,F,1940,210
Asbjørg,F,1940,203
Margrethe,F,1940,201
Oddveig,F,1940,200
Dagny,F,1940,199
Helen,F,1940,199
Lill,F,1940,199
Mari,F,1940,196
Audhild,F,1940,188
Hjørdis,F,1940,188
Hildur,F,1940,185
Anita,F,1940,184
Agnes,F,1940,179
Henny,F,1940,179
Inga,F,1940,173
Jenny,F,1940,172
Borghild,F,1940,170
Borgny,F,1940,169
Margot,F,1940,169
Ester,F,1940,166
Marta,F,1940,166
Torbjørg,F,1940,165
Hildegunn,F,1940,164
Brith,F,1940,162
Ella,F,1940,160
Lilly,F,1940,156
Margaret,F,1940,154
Annbjørg,F,1940,151
Martha,F,1940,151
Aina,F,1940,150
Hanna,F,1940,148
Vivi,F,1940,147
Olga,F,1940,146
Sigrunn,F,1940,146
Kristine,F,1940,145
Anne-Karin,F,1940,142
Gretha,F,1940,142
Janne,F,1940,139
Klara,F,1940,139
Unn,F,1940,136
Rønnaug,F,1940,135
Alfhild,F,1940,132
Torgunn,F,1940,128
Vibeke,F,1940,128
Dagrun,F,1940,127
Jorid,F,1940,125
Marion,F,1940,123
Annie,F,1940,122
Margareth,F,1940,122
Rannveig,F,1940,122
Sylvia,F,1940,122
Norunn,F,1940,120
Anne-Grethe,F,1940,116
Mildrid,F,1940,114
Reidunn,F,1940,114
Ida,F,1940,113
Oddlaug,F,1940,113
Ragna,F,1940,113
Elna,F,1940,112
Gunnhild,F,1940,111
Inger-Johanne,F,1940,111
Herdis,F,1940,108
Margrete,F,1940,108
Eirin,F,1940,107
Mai,F,1940,107
Trine,F,1940,106
Signy,F,1940,105
Torun,F,1940,104
Nelly,F,1940,103
Ann-Mari,F,1940,101
Ingvild,F,1940,100
Kate,F,1940,99
Annlaug,F,1940,98
Gunnvor,F,1940,97
Lisbet,F,1940,96
Harriet,F,1940,95
Kjellrun,F,1940,95
Nora,F,1940,94
Arna,F,1940,92
Eldrid,F,1940,92
Gjertrud,F,1940,92
Gunnlaug,F,1940,92
Ulla,F,1940,92
Brynhild,F,1940,89
Margunn,F,1940,89
Heidi,F,1940,88
Solvor,F,1940,88
Linda,F,1940,87
Esther,F,1940,85
Kitty,F,1940,85
Elly,F,1940,84
Halldis,F,1940,83
Ada,F,1940,82
Merete,F,1940,81
Kjellfrid,F,1940,79
Snefrid,F,1940,79
Tora,F,1940,79
Hege,F,1940,78
Petra,F,1940,78
Elfrid,F,1940,77
Jane,F,1940,77
Anne-Britt,F,1940,76
Dagmar,F,1940,76
Wigdis,F,1940,75
Anne-Grete,F,1940,74
Hilda,F,1940,74
Johanna,F,1940,74
May-Britt,F,1940,74
Alvhild,F,1940,73
Anne-Mari,F,1940,72
Barbro,F,1940,72
Beate,F,1940,72
Ingfrid,F,1940,72
Solvår,F,1940,69
Anni,F,1940,67
Elise,F,1940,67
Kristi,F,1940,67
Vivian,F,1940,67
Venke,F,1940,65
Magny,F,1940,64
Valborg,F,1940,64
Gerda,F,1940,62
Åsta,F,1940,62
Asta,F,1940,61
Elbjørg,F,1940,61
Paula,F,1940,61
Synøve,F,1940,60
Anlaug,F,1940,59
Doris,F,1940,59
Gun,F,1940,59
Mariann,F,1940,59
Else-Marie,F,1940,57
Bergljot,F,1940,55
Sigfrid,F,1940,55
Turi,F,1940,55
Alice,F,1940,54
Christine,F,1940,54
Gudveig,F,1940,53
Gunnbjørg,F,1940,53
Gudny,F,1940,52
Anbjørg,F,1940,51
Annelise,F,1940,51
Edle,F,1940,51
Elizabeth,F,1940,51
Solrun,F,1940,51
Jofrid,F,1940,50
Møyfrid,F,1940,50
Guro,F,1940,49
Hedvig,F,1940,49
Inger-Marie,F,1940,49
Kathe,F,1940,49
Anne-Berit,F,1940,48
Margun,F,1940,48
Marry,F,1940,48
Nancy,F,1940,48
Maren,F,1940,47
Iris,F,1940,46
Aashild,F,1940,45
Elsie,F,1940,45
Edna,F,1940,44
Elisabet,F,1940,44
Ann-Karin,F,1940,43
Gry,F,1940,43
Trude,F,1940,43
Ågot,F,1940,43
Barbara,F,1940,42
Ingun,F,1940,42
Kerstin,F,1940,42
Ninni,F,1940,42
Anne-Sofie,F,1940,41
Betty,F,1940,41
Hild,F,1940,41
Judit,F,1940,41
Lena,F,1940,41
Lisa,F,1940,41
Monika,F,1940,41
Elinor,F,1940,40
Anne-Kari,F,1940,39
Galina,F,1940,39
Gunda,F,1940,39
Helena,F,1940,39
Herborg,F,1940,39
Magni,F,1940,39
Runa,F,1940,39
Elen,F,1940,38
Live,F,1940,38
Monica,F,1940,38
Siv,F,1940,38
Audny,F,1940,36
Eileen,F,1940,36
Lene,F,1940,36
Fatima,F,1940,35
Nanna,F,1940,35
Peggy,F,1940,35
Rakel,F,1940,35
Venche,F,1940,35
Anne-Marit,F,1940,34
Cecilie,F,1940,34
Laura,F,1940,34
Sofie,F,1940,34
Emma,F,1940,32
Helle,F,1940,32
Julie,F,1940,32
June,F,1940,32
Åslaug,F,1940,32
Ebba,F,1940,31
Edit,F,1940,31
Hulda,F,1940,31
Siren,F,1940,31
Aasta,F,1940,30
Magda,F,1940,30
Kristina,F,1940,29
Lajla,F,1940,29
Mari-Ann,F,1940,29
Gyda,F,1940,28
Maj,F,1940,28
Eivor,F,1940,27
Lilian,F,1940,27
Marthe,F,1940,27
Frida,F,1940,26
Rut,F,1940,26
Selma,F,1940,26
Bertha,F,1940,25
Birgitte,F,1940,25
Susan,F,1940,24
Åsa,F,1940,24
Alma,F,1940,23
Patricia,F,1940,23
Rosa,F,1940,23
Aagot,F,1940,22
Birte,F,1940,22
Frid,F,1940,22
Mary-Ann,F,1940,22
Gøril,F,1940,21
Leikny,F,1940,21
Lilli,F,1940,21
Liss,F,1940,21
Marte,F,1940,21
Tatiana,F,1940,21
Lovise,F,1940,20
Anne-Mette,F,1940,19
Emmy,F,1940,19
Norma,F,1940,19
Thora,F,1940,19
Joan,F,1940,18
Magna,F,1940,18
Oline,F,1940,18
Ragni,F,1940,18
Valentina,F,1940,18
Annette,F,1940,17
Ingerid,F,1940,17
Rose,F,1940,17
Tamara,F,1940,17
Anette,F,1940,16
Inghild,F,1940,16
Thi,F,1940,16
Wenke,F,1940,16
Elzbieta,F,1940,15
Idun,F,1940,15
Maud,F,1940,15
Svetlana,F,1940,15
Beathe,F,1940,14
Eline,F,1940,14
Ina,F,1940,14
Christina,F,1940,13
Ingri,F,1940,13
Irma,F,1940,13
Janet,F,1940,13
Karina,F,1940,13
Marita,F,1940,13
Mina,F,1940,13
Renate,F,1940,13
Dina,F,1940,12
Irena,F,1940,12
Krystyna,F,1940,12
Sara,F,1940,12
Therese,F,1940,12
Julianne,F,1940,11
Natalia,F,1940,11
Sandra,F,1940,11
Veslemøy,F,1940,11
Aida,F,1940,10
Birthe,F,1940,10
Charlotte,F,1940,10
Kari-Anne,F,1940,10
Lone,F,1940,10
Louise,F,1940,10
Lydia,F,1940,10
Elena,F,1940,9
Jette,F,1940,9
Kjerstin,F,1940,9
Alise,F,1940,8
Benedicte,F,1940,8
Mali,F,1940,8
Regina,F,1940,8
Yvonne,F,1940,8
Birgitta,F,1940,7
Jennifer,F,1940,7
Miriam,F,1940,7
Ragne,F,1940,7
Agnethe,F,1940,6
Ana,F,1940,6
Ane,F,1940,6
Angelika,F,1940,6
Dorthea,F,1940,6
Fanny,F,1940,6
Gina,F,1940,6
Jeanette,F,1940,6
May-Liss,F,1940,6
Mia,F,1940,6
Oda,F,1940,6
Olea,F,1940,6
Solgunn,F,1940,6
Alvilde,F,1940,5
Angela,F,1940,5
Camilla,F,1940,5
Catherine,F,1940,5
Cecilia,F,1940,5
Christel,F,1940,5
Christin,F,1940,5
Elida,F,1940,5
Erika,F,1940,5
Gabriele,F,1940,5
Julia,F,1940,5
Kaja,F,1940,5
Karla,F,1940,5
Leni,F,1940,5
Mai-Britt,F,1940,5
Marian,F,1940,5
Teresa,F,1940,5
Trine-Lise,F,1940,5
Anniken,F,1940,4
Ewa,F,1940,4
Fatemeh,F,1940,4
Fatma,F,1940,4
Grace,F,1940,4
Grazyna,F,1940,4
Jill,F,1940,4
Karoline,F,1940,4
Lina,F,1940,4
Malene,F,1940,4
Mathilde,F,1940,4
Merethe,F,1940,4
Pauline,F,1940,4
Rikke,F,1940,4
Safia,F,1940,4
Sol,F,1940,4
Thelma,F,1940,4
Tonje,F,1940,4
Jan,M,1940,6516
Per,M,1940,5989
Bjørn,M,1940,5247
Kjell,M,1940,5006
Svein,M,1940,4681
Arne,M,1940,4419
Knut,M,1940,3752
Odd,M,1940,3374
Terje,M,1940,3129
Harald,M,1940,2738
Gunnar,M,1940,2691
Hans,M,1940,2621
Tor,M,1940,2530
Tore,M,1940,2449
Ole,M,1940,2422
Rolf,M,1940,2301
Helge,M,1940,2087
Leif,M,1940,2064
John,M,1940,2002
Steinar,M,1940,1945
Olav,M,1940,1892
Kåre,M,1940,1757
Einar,M,1940,1683
Nils,M,1940,1683
Lars,M,1940,1643
Erik,M,1940,1538
Arild,M,1940,1503
Egil,M,1940,1467
Ivar,M,1940,1385
Magne,M,1940,1385
Finn,M,1940,1303
Jon,M,1940,1297
Reidar,M,1940,1223
Alf,M,1940,1222
Sverre,M,1940,1162
Arvid,M,1940,1142
Asbjørn,M,1940,1128
Karl,M,1940,1109
Tom,M,1940,1101
Trond,M,1940,1077
Thor,M,1940,1047
Oddvar,M,1940,957
Stein,M,1940,946
Ragnar,M,1940,896
Erling,M,1940,889
Geir,M,1940,884
Dag,M,1940,859
Øyvind,M,1940,853
Øystein,M,1940,844
Johan,M,1940,839
Åge,M,1940,805
Torbjørn,M,1940,796
Bjarne,M,1940,791
Roar,M,1940,767
Ola,M,1940,757
Vidar,M,1940,757
Øivind,M,1940,752
Inge,M,1940,747
Ove,M,1940,726
Jens,M,1940,664
Trygve,M,1940,652
Anders,M,1940,625
Håkon,M,1940,607
Frank,M,1940,604
Sigmund,M,1940,594
Willy,M,1940,588
Jostein,M,1940,585
Jarle,M,1940,577
Arve,M,1940,527
Roald,M,1940,526
Dagfinn,M,1940,515
Paul,M,1940,510
Harry,M,1940,500
Rune,M,1940,480
Sven,M,1940,475
Birger,M,1940,468
Sigurd,M,1940,464
Roy,M,1940,455
Atle,M,1940,449
Kai,M,1940,442
Eivind,M,1940,427
Arnfinn,M,1940,423
Johannes,M,1940,410
Magnar,M,1940,407
Morten,M,1940,398
Roger,M,1940,397
Fred,M,1940,377
Torstein,M,1940,369
Ulf,M,1940,368
Petter,M,1940,361
Tormod,M,1940,360
Bernt,M,1940,354
Olaf,M,1940,353
Oddbjørn,M,1940,351
Johnny,M,1940,346
Pål,M,1940,346
Aage,M,1940,345
Bjørnar,M,1940,340
Kristian,M,1940,338
Martin,M,1940,325
Arnt,M,1940,321
Ottar,M,1940,292
Frode,M,1940,286
Torgeir,M,1940,286
Jørgen,M,1940,285
Otto,M,1940,285
Ingar,M,1940,282
Stig,M,1940,276
Viggo,M,1940,262
Henry,M,1940,259
Oddmund,M,1940,256
Thore,M,1940,255
Halvor,M,1940,244
Henning,M,1940,244
Lasse,M,1940,238
Mohammad,M,1940,233
Robert,M,1940,233
Audun,M,1940,230
Karsten,M,1940,228
Peter,M,1940,228
Torleif,M,1940,228
Jarl,M,1940,220
Leiv,M,1940,217
Sigbjørn,M,1940,217
Ernst,M,1940,216
Gudmund,M,1940,206
Andreas,M,1940,204
Georg,M,1940,203
Magnus,M,1940,203
Håvard,M,1940,194
Peder,M,1940,194
Carl,M,1940,193
Jørn,M,1940,189
Kurt,M,1940,186
Torfinn,M,1940,186
Eirik,M,1940,185
Kolbjørn,M,1940,184
Ståle,M,1940,184
Øistein,M,1940,183
Ingvar,M,1940,182
Halvard,M,1940,181
Jonny,M,1940,181
Thorbjørn,M,1940,181
Arnold,M,1940,180
Yngvar,M,1940,173
Asle,M,1940,165
Alfred,M,1940,163
Bengt,M,1940,163
Christian,M,1940,161
Idar,M,1940,161
Fredrik,M,1940,160
Henrik,M,1940,160
Bård,M,1940,159
Truls,M,1940,156
Arthur,M,1940,155
Karstein,M,1940,155
Sten,M,1940,154
Yngve,M,1940,152
Edgar,M,1940,151
Jakob,M,1940,150
Arnulf,M,1940,142
Freddy,M,1940,141
Jan-Erik,M,1940,139
Agnar,M,1940,137
Anton,M,1940,137
Ronald,M,1940,137
Hallvard,M,1940,136
Thorleif,M,1940,136
David,M,1940,135
Svenn,M,1940,134
Thomas,M,1940,133
Sveinung,M,1940,132
Aksel,M,1940,130
Svend,M,1940,126
Bent,M,1940,121
Åsmund,M,1940,120
Børre,M,1940,118
Edvin,M,1940,118
Even,M,1940,118
Ingvald,M,1940,114
Rolv,M,1940,114
Norvald,M,1940,112
Oskar,M,1940,110
Edvard,M,1940,104
Edmund,M,1940,103
Hugo,M,1940,101
Gustav,M,1940,99
Kjetil,M,1940,98
Kristen,M,1940,98
Toralf,M,1940,98
Villy,M,1940,98
Eilif,M,1940,97
Runar,M,1940,97
Amund,M,1940,94
Viktor,M,1940,94
Jack,M,1940,93
Ragnvald,M,1940,92
Richard,M,1940,92
Guttorm,M,1940,88
Aslak,M,1940,87
Ketil,M,1940,87
Klaus,M,1940,87
Michael,M,1940,86
Endre,M,1940,82
Hermod,M,1940,81
Cato,M,1940,80
Are,M,1940,78
Børge,M,1940,78
Kaare,M,1940,78
Paal,M,1940,77
William,M,1940,77
Jann,M,1940,76
Walter,M,1940,76
Joar,M,1940,75
Torleiv,M,1940,75
Ingolf,M,1940,74
Sjur,M,1940,74
Arnstein,M,1940,73
Charles,M,1940,73
Hilmar,M,1940,73
Wiggo,M,1940,73
Ansgar,M,1940,71
Kenneth,M,1940,71
Malvin,M,1940,71
Bernhard,M,1940,70
Jacob,M,1940,68
Iver,M,1940,66
Ørnulf,M,1940,66
Albert,M,1940,65
Ivan,M,1940,65
Konrad,M,1940,65
Oddvin,M,1940,65
Haakon,M,1940,63
Abdul,M,1940,62
Eigil,M,1940,62
Emil,M,1940,62
Sture,M,1940,62
Tron,M,1940,62
Hjalmar,M,1940,61
Kristoffer,M,1940,61
Niels,M,1940,61
Torger,M,1940,61
Werner,M,1940,61
Snorre,M,1940,59
Hermann,M,1940,58
Alv,M,1940,57
Eldar,M,1940,57
Sigfred,M,1940,57
Frits,M,1940,56
Gunvald,M,1940,55
Wilhelm,M,1940,55
Bjarte,M,1940,54
Fritz,M,1940,54
Oddgeir,M,1940,54
Brynjulf,M,1940,52
Gerhard,M,1940,52
Normann,M,1940,52
Rasmus,M,1940,52
Sturla,M,1940,52
Jahn,M,1940,51
Kyrre,M,1940,51
Mohamed,M,1940,51
Herman,M,1940,50
Raymond,M,1940,49
Thorvald,M,1940,49
Daniel,M,1940,48
Evald,M,1940,48
Kjartan,M,1940,48
Dan,M,1940,47
Gisle,M,1940,46
Gjermund,M,1940,46
Holger,M,1940,46
Rudolf,M,1940,46
Thorstein,M,1940,46
Søren,M,1940,45
Tommy,M,1940,45
Ali,M,1940,44
Erland,M,1940,44
Espen,M,1940,44
Gaute,M,1940,44
Victor,M,1940,44
Ingebrigt,M,1940,43
Kay,M,1940,42
Svein-Erik,M,1940,41
Torvald,M,1940,41
Ahmed,M,1940,40
Bo,M,1940,40
Brynjar,M,1940,40
Jo,M,1940,40
Mohammed,M,1940,40
Ronny,M,1940,40
Eilert,M,1940,39
Haldor,M,1940,39
James,M,1940,39
Jonn,M,1940,38
Torgrim,M,1940,38
Gjert,M,1940,37
Jose,M,1940,37
Oddleif,M,1940,37
Sivert,M,1940,37
Annar,M,1940,35
Jonas,M,1940,35
Christen,M,1940,34
Frithjof,M,1940,34
Kent,M,1940,34
Mustafa,M,1940,34
Christopher,M,1940,33
Eyvind,M,1940,33
Halfdan,M,1940,32
Sigve,M,1940,31
Fridtjof,M,1940,30
Josef,M,1940,30
Mathias,M,1940,30
Njål,M,1940,30
Torodd,M,1940,30
Brede,M,1940,29
Mads,M,1940,29
Mikal,M,1940,29
Osvald,M,1940,29
Ingmar,M,1940,28
Muhammad,M,1940,28
Kaj,M,1940,27
Alan,M,1940,26
Asgeir,M,1940,26
Asmund,M,1940,26
Elling,M,1940,26
Lennart,M,1940,26
Simon,M,1940,26
Gudbrand,M,1940,25
Hallstein,M,1940,25
Carsten,M,1940,24
Hans-Petter,M,1940,24
Ludvig,M,1940,24
Marvin,M,1940,24
Stephen,M,1940,24
Bror,M,1940,23
Claus,M,1940,23
Sigvald,M,1940,23
Tønnes,M,1940,22
Ahmad,M,1940,21
Axel,M,1940,20
Baard,M,1940,20
Borgar,M,1940,20
Jean,M,1940,20
Narve,M,1940,20
Oscar,M,1940,20
Tomas,M,1940,20
Eystein,M,1940,19
Samuel,M,1940,19
Vegard,M,1940,19
Aasmund,M,1940,18
Allan,M,1940,18
Andrew,M,1940,18
Anthony,M,1940,18
Brian,M,1940,18
Lauritz,M,1940,18
Mons,M,1940,18
Syed,M,1940,18
Ådne,M,1940,18
Luis,M,1940,17
Mikkel,M,1940,17
Gabriel,M,1940,16
Louis,M,1940,16
Vilhelm,M,1940,16
Gert,M,1940,15
Ludvik,M,1940,15
Torkild,M,1940,15
Carlos,M,1940,14
George,M,1940,14
Hassan,M,1940,14
Ian,M,1940,14
Omar,M,1940,14
Tarald,M,1940,14
Andres,M,1940,13
Preben,M,1940,13
Antonio,M,1940,12
Elias,M,1940,12
Jim,M,1940,12
Leon,M,1940,12
Patrick,M,1940,12
Per-Arne,M,1940,12
Simen,M,1940,12
Skjalg,M,1940,12
Bertil,M,1940,11
Colin,M,1940,11
Didrik,M,1940,11
Francisco,M,1940,11
Ingve,M,1940,11
Laurits,M,1940,11
Lyder,M,1940,11
Odin,M,1940,11
Philip,M,1940,11
Andrzej,M,1940,10
Jørund,M,1940,10
Mario,M,1940,10
Nikolai,M,1940,10
Sigvart,M,1940,10
Sindre,M,1940,10
Stefan,M,1940,10
Steffen,M,1940,10
Tellef,M,1940,10
Torkel,M,1940,10
Flemming,M,1940,9
Isak,M,1940,9
Vladimir,M,1940,9
Kato,M,1940,8
Leo,M,1940,8
Robin,M,1940,8
Widar,M,1940,8
Gard,M,1940,7
Ismail,M,1940,7
Severin,M,1940,7
Alexander,M,1940,6
Edin,M,1940,6
Eric,M,1940,6
Glenn,M,1940,6
Hasan,M,1940,6
Joseph,M,1940,6
Jozef,M,1940,6
Mats,M,1940,6
Mehmet,M,1940,6
Melvin,M,1940,6
Per-Erik,M,1940,6
Frans,M,1940,5
Gøran,M,1940,5
Helmer,M,1940,5
Jardar,M,1940,5
Jerzy,M,1940,5
Jomar,M,1940,5
Juan,M,1940,5
Levi,M,1940,5
Lorentz,M,1940,5
Martinus,M,1940,5
Roland,M,1940,5
Syver,M,1940,5
Tarjei,M,1940,5
Tor-Arne,M,1940,5
Bjørn-Erik,M,1940,4
Eddie,M,1940,4
Ibrahim,M,1940,4
Johann,M,1940,4
Jonathan,M,1940,4
Khalid,M,1940,4
Matias,M,1940,4
Max,M,1940,4
Milan,M,1940,4
Ole-Jørgen,M,1940,4
Steven,M,1940,4
Stian,M,1940,4
Theodor,M,1940,4
Tord,M,1940,4
Ulrik,M,1940,4
Anne,F,1950,16544
Inger,F,1950,8293
Kari,F,1950,6956
Marit,F,1950,6831
Liv,F,1950,6320
Bente,F,1950,6057
Berit,F,1950,5093
Wenche,F,1950,4881
Eva,F,1950,4874
Tove,F,1950,4795
Randi,F,1950,4663
Bjørg,F,1950,4173
Aud,F,1950,3691
Unni,F,1950,3519
Sissel,F,1950,3325
Astrid,F,1950,3298
Karin,F,1950,3258
Turid,F,1950,3132
Gerd,F,1950,3128
Gunn,F,1950,3086
Grete,F,1950,3034
Ellen,F,1950,3009
Grethe,F,1950,2966
Solveig,F,1950,2843
Torill,F,1950,2828
Åse,F,1950,2736
Jorunn,F,1950,2680
Reidun,F,1950,2673
Tone,F,1950,2621
Vigdis,F,1950,2619
Else,F,1950,2582
Elin,F,1950,2573
Elisabeth,F,1950,2559
Britt,F,1950,2494
May,F,1950,2472
Ingrid,F,1950,2431
Marianne,F,1950,2424
Eli,F,1950,2323
Laila,F,1950,2316
Kirsten,F,1950,2297
Ann,F,1950,2294
Ragnhild,F,1950,2292
Hilde,F,1950,2289
Mona,F,1950,2177
Gro,F,1950,2172
Brit,F,1950,2086
Mette,F,1950,1917
Anita,F,1950,1892
Lisbeth,F,1950,1851
Irene,F,1950,1834
Bodil,F,1950,1825
Kristin,F,1950,1786
Heidi,F,1950,1691
Nina,F,1950,1683
Rita,F,1950,1658
Toril,F,1950,1604
Lillian,F,1950,1436
Hanne,F,1950,1424
Ruth,F,1950,1384
Ingunn,F,1950,1373
Torunn,F,1950,1314
Kirsti,F,1950,1307
Synnøve,F,1950,1214
Rigmor,F,1950,1121
Torhild,F,1950,1109
Sølvi,F,1950,1108
Lise,F,1950,1106
Solfrid,F,1950,1090
Kjersti,F,1950,1075
Anna,F,1950,981
Torild,F,1950,904
Sonja,F,1950,883
Jorun,F,1950,851
Siri,F,1950,835
Sidsel,F,1950,834
Karen,F,1950,819
Evy,F,1950,814
Signe,F,1950,794
Anne-Lise,F,1950,778
Linda,F,1950,726
Birgit,F,1950,725
Helga,F,1950,699
Sigrid,F,1950,692
Trine,F,1950,691
Sigrun,F,1950,683
Maria,F,1950,677
Janne,F,1950,672
Mary,F,1950,665
Gunvor,F,1950,660
Ingeborg,F,1950,658
Olaug,F,1950,656
Ingebjørg,F,1950,648
Marie,F,1950,629
Åshild,F,1950,615
Aase,F,1950,583
Mari,F,1950,574
Siv,F,1950,567
Gunhild,F,1950,565
Guri,F,1950,555
Hege,F,1950,546
Lill,F,1950,528
Jane,F,1950,514
Vera,F,1950,495
Ellinor,F,1950,490
Edel,F,1950,484
Oddny,F,1950,483
Erna,F,1950,473
Helen,F,1950,471
Mariann,F,1950,458
Svanhild,F,1950,454
Merete,F,1950,452
Aslaug,F,1950,451
Greta,F,1950,449
Anny,F,1950,448
Elsa,F,1950,430
Målfrid,F,1950,425
Oddrun,F,1950,423
Trude,F,1950,417
Kjellaug,F,1950,415
Helene,F,1950,412
Sylvi,F,1950,411
Hildegunn,F,1950,406
Arnhild,F,1950,397
Vibeke,F,1950,397
Magnhild,F,1950,395
Solbjørg,F,1950,395
Evelyn,F,1950,394
Frøydis,F,1950,394
Margaret,F,1950,385
Astri,F,1950,382
Eldbjørg,F,1950,380
Mai,F,1950,361
Margareth,F,1950,358
Brita,F,1950,357
Oddbjørg,F,1950,353
Oddveig,F,1950,353
Aina,F,1950,346
Gudrun,F,1950,346
Kate,F,1950,345
Beate,F,1950,339
Inger-Lise,F,1950,339
Margit,F,1950,338
Ranveig,F,1950,338
Tordis,F,1950,336
Marion,F,1950,335
Judith,F,1950,334
May-Britt,F,1950,320
Audhild,F,1950,307
Lisbet,F,1950,307
Venke,F,1950,305
Iren,F,1950,304
Gry,F,1950,303
Johanne,F,1950,293
Unn,F,1950,290
Ingjerd,F,1950,289
Henny,F,1950,285
Ingvild,F,1950,284
Margrethe,F,1950,283
Jenny,F,1950,280
Edith,F,1950,276
Olga,F,1950,271
Ida,F,1950,270
Monica,F,1950,267
Anne-Grethe,F,1950,264
Ester,F,1950,261
Inga,F,1950,260
Anne-Marie,F,1950,256
Haldis,F,1950,256
Agnes,F,1950,254
Jorid,F,1950,253
Sigrunn,F,1950,249
Annbjørg,F,1950,248
Dagny,F,1950,248
Vivi,F,1950,248
Martha,F,1950,238
Marta,F,1950,234
Kristine,F,1950,232
Norunn,F,1950,226
Margunn,F,1950,225
Torun,F,1950,222
Ella,F,1950,221
Borghild,F,1950,218
Nora,F,1950,214
Hjørdis,F,1950,210
Ulla,F,1950,210
Hanna,F,1950,209
Annie,F,1950,208
Herdis,F,1950,207
Vivian,F,1950,206
Ingun,F,1950,203
Gjertrud,F,1950,202
Asbjørg,F,1950,200
Brith,F,1950,197
Anne-Britt,F,1950,196
Anne-Karin,F,1950,195
Rannveig,F,1950,193
Lena,F,1950,192
Hildur,F,1950,190
Rønnaug,F,1950,188
Torbjørg,F,1950,188
June,F,1950,187
Sylvia,F,1950,184
Barbro,F,1950,181
Ragna,F,1950,181
Lilly,F,1950,180
Maj,F,1950,180
Margrete,F,1950,180
Torgunn,F,1950,177
Helle,F,1950,174
Elizabeth,F,1950,171
Liss,F,1950,168
Annlaug,F,1950,167
Gunnhild,F,1950,167
Kjerstin,F,1950,166
Margot,F,1950,166
Dagrun,F,1950,164
Ann-Mari,F,1950,161
Barbara,F,1950,160
Mildrid,F,1950,159
Borgny,F,1950,158
Lene,F,1950,157
Harriet,F,1950,156
Ann-Karin,F,1950,155
Klara,F,1950,153
Doris,F,1950,150
Alfhild,F,1950,148
Anne-Grete,F,1950,148
Cecilie,F,1950,148
Eirin,F,1950,148
Signy,F,1950,146
Elise,F,1950,142
Gun,F,1950,141
Esther,F,1950,140
Gretha,F,1950,139
Oddlaug,F,1950,138
Reidunn,F,1950,138
Wenke,F,1950,137
Venche,F,1950,136
Anne-Berit,F,1950,134
Brynhild,F,1950,134
Solvor,F,1950,133
Elna,F,1950,131
Margun,F,1950,131
Arna,F,1950,130
Anette,F,1950,128
Monika,F,1950,128
Alice,F,1950,126
Christine,F,1950,126
Anni,F,1950,124
Elisabet,F,1950,124
Inger-Johanne,F,1950,124
Ingfrid,F,1950,123
Susanne,F,1950,123
Ada,F,1950,122
Wigdis,F,1950,122
Birgitte,F,1950,119
Iris,F,1950,119
Synøve,F,1950,119
Ann-Kristin,F,1950,118
Betty,F,1950,118
Halldis,F,1950,118
Nancy,F,1950,118
Kerstin,F,1950,117
Nelly,F,1950,117
Tora,F,1950,117
Gunnvor,F,1950,116
Gøril,F,1950,115
Magny,F,1950,114
Snefrid,F,1950,113
Benthe,F,1950,111
Pia,F,1950,110
Kjellfrid,F,1950,109
Kjellrun,F,1950,109
Guro,F,1950,108
Petra,F,1950,108
Tatiana,F,1950,106
Ewa,F,1950,104
Susan,F,1950,103
Elena,F,1950,102
Elzbieta,F,1950,102
Gunnlaug,F,1950,100
Merethe,F,1950,100
Gunnbjørg,F,1950,99
Kristi,F,1950,99
Irina,F,1950,98
Kitty,F,1950,98
Natalia,F,1950,98
Jofrid,F,1950,97
Yvonne,F,1950,97
Thi,F,1950,95
Birte,F,1950,94
Kathe,F,1950,94
Solvår,F,1950,94
Teresa,F,1950,93
Anlaug,F,1950,91
Møyfrid,F,1950,91
Paula,F,1950,90
Annelise,F,1950,89
Siren,F,1950,88
Aashild,F,1950,87
Anbjørg,F,1950,87
Magni,F,1950,87
Johanna,F,1950,86
Grazyna,F,1950,85
Marita,F,1950,85
Elfrid,F,1950,84
Fatima,F,1950,84
Hilda,F,1950,84
Lisa,F,1950,84
Bergljot,F,1950,83
Mai-Britt,F,1950,83
Runa,F,1950,83
Åsta,F,1950,83
Annette,F,1950,82
Janet,F,1950,82
Krystyna,F,1950,82
Solrun,F,1950,82
Valborg,F,1950,81
Dagmar,F,1950,80
Gudny,F,1950,80
Christin,F,1950,79
Eldrid,F,1950,79
Peggy,F,1950,79
Hild,F,1950,77
Mary-Ann,F,1950,77
Rakel,F,1950,76
Elinor,F,1950,75
Elly,F,1950,75
Galina,F,1950,75
Gudveig,F,1950,75
Ingvill,F,1950,75
Marian,F,1950,75
Solgunn,F,1950,74
Ågot,F,1950,74
Ina,F,1950,73
Mari-Ann,F,1950,73
Anne-Mette,F,1950,72
Danuta,F,1950,71
Marina,F,1950,71
Asta,F,1950,70
Eileen,F,1950,67
Valentina,F,1950,67
Anne-Mari,F,1950,66
Åslaug,F,1950,66
Gerda,F,1950,65
Live,F,1950,65
Maren,F,1950,65
Rose,F,1950,64
Emma,F,1950,63
Irena,F,1950,63
Turi,F,1950,63
Elbjørg,F,1950,62
Anne-Kari,F,1950,61
Anne-Marit,F,1950,61
Anne-Sofie,F,1950,61
Christina,F,1950,61
Marte,F,1950,61
Patricia,F,1950,61
Anniken,F,1950,60
Lilian,F,1950,60
Edle,F,1950,59
Judit,F,1950,59
Lilli,F,1950,59
Åsa,F,1950,59
Alise,F,1950,58
Else-Marie,F,1950,58
Anne-Kristin,F,1950,57
Sigfrid,F,1950,57
Alvhild,F,1950,56
Birthe,F,1950,56
Kim,F,1950,56
Tonje,F,1950,56
Audny,F,1950,55
Gina,F,1950,55
Helena,F,1950,55
Herborg,F,1950,54
Norma,F,1950,54
Ana,F,1950,53
Elsie,F,1950,53
Ingerid,F,1950,53
Zahra,F,1950,53
Irma,F,1950,51
Rosa,F,1950,51
Regina,F,1950,50
Sandra,F,1950,49
Inghild,F,1950,48
Ninni,F,1950,48
Stine,F,1950,47
Bozena,F,1950,46
Frid,F,1950,46
Nanna,F,1950,46
Svetlana,F,1950,46
Edna,F,1950,45
Hedvig,F,1950,45
Laura,F,1950,45
Amina,F,1950,44
Inger-Marie,F,1950,44
Jolanta,F,1950,44
Lindis,F,1950,44
Marry,F,1950,44
May-Liss,F,1950,44
Rut,F,1950,44
Beathe,F,1950,43
Idun,F,1950,43
Jeanette,F,1950,43
Lajla,F,1950,43
Leikny,F,1950,43
Malgorzata,F,1950,43
Selma,F,1950,43
Tamara,F,1950,43
Marthe,F,1950,42
Ann-Helen,F,1950,41
Cathrine,F,1950,41
Eivor,F,1950,41
Frida,F,1950,40
Line,F,1950,40
Angela,F,1950,38
Gloria,F,1950,38
Kristina,F,1950,38
Sara,F,1950,38
Tine,F,1950,37
Trine-Lise,F,1950,37
Kari-Anne,F,1950,36
Gyda,F,1950,35
Jannicke,F,1950,34
Julie,F,1950,34
Ane,F,1950,33
Dorthe,F,1950,33
Edit,F,1950,33
Siw,F,1950,33
Ayse,F,1950,32
Magda,F,1950,32
Margarita,F,1950,32
Tatjana,F,1950,32
Vibecke,F,1950,32
Ann-Christin,F,1950,31
Birgitta,F,1950,31
Elen,F,1950,31
Zofia,F,1950,31
Kathrine,F,1950,30
Lone,F,1950,30
Carmen,F,1950,29
Diana,F,1950,29
Henriette,F,1950,29
Lidia,F,1950,29
Lina,F,1950,29
Maud,F,1950,29
Ragni,F,1950,29
Andrea,F,1950,28
Anja,F,1950,28
Emmy,F,1950,28
Gunda,F,1950,28
Renate,F,1950,28
Vanja,F,1950,28
Rikke,F,1950,27
Cecilia,F,1950,26
Ebba,F,1950,26
Jette,F,1950,26
Åsne,F,1950,26
Alicja,F,1950,25
Janicke,F,1950,25
Jannike,F,1950,25
Karina,F,1950,25
Mia,F,1950,25
Charlotte,F,1950,24
Joan,F,1950,24
Katrine,F,1950,24
Lovise,F,1950,24
Azra,F,1950,23
Benedicte,F,1950,23
Catherine,F,1950,23
Fatma,F,1950,23
Alma,F,1950,22
Julia,F,1950,22
Sofie,F,1950,22
Victoria,F,1950,22
Aida,F,1950,21
Gitte,F,1950,21
Miriam,F,1950,21
Thora,F,1950,20
Grace,F,1950,19
Isabel,F,1950,19
Wendy,F,1950,19
Carina,F,1950,18
Irmelin,F,1950,18
Liz,F,1950,18
Louise,F,1950,18
Maiken,F,1950,18
Veslemøy,F,1950,18
Angelika,F,1950,17
Dina,F,1950,17
Tina,F,1950,17
Bertha,F,1950,16
Camilla,F,1950,16
Connie,F,1950,16
Cornelia,F,1950,16
Fatemeh,F,1950,16
Hong,F,1950,16
Urszula,F,1950,16
Aagot,F,1950,15
Erika,F,1950,15
Therese,F,1950,15
Deborah,F,1950,14
Fadumo,F,1950,14
Magna,F,1950,14
Martina,F,1950,14
Mirjam,F,1950,14
Silvia,F,1950,14
Viola,F,1950,14
Agnete,F,1950,13
Nada,F,1950,13
Wanja,F,1950,13
Aasta,F,1950,12
Karine,F,1950,12
Khadija,F,1950,12
Elvira,F,1950,11
Larisa,F,1950,11
Pernille,F,1950,11
Sabine,F,1950,11
Thu,F,1950,11
Gabriele,F,1950,10
Ingri,F,1950,10
Jill,F,1950,10
Lydia,F,1950,10
Magdalena,F,1950,10
Sonia,F,1950,10
Sunniva,F,1950,10
Alina,F,1950,9
Christel,F,1950,9
Clara,F,1950,9
Dorota,F,1950,9
Eilin,F,1950,9
Ilona,F,1950,9
Iwona,F,1950,9
Josephine,F,1950,9
Kaja,F,1950,9
Marija,F,1950,9
Mina,F,1950,9
My,F,1950,9
Ngoc,F,1950,9
Rachel,F,1950,9
Rebecca,F,1950,9
Thea,F,1950,9
Violeta,F,1950,9
Agnethe,F,1950,8
Eline,F,1950,8
Fride,F,1950,8
Ingvil,F,1950,8
Joanna,F,1950,8
Nadia,F,1950,8
Pauline,F,1950,8
Thanh,F,1950,8
Katrin,F,1950,7
Alicia,F,1950,6
Emilie,F,1950,6
Hennie,F,1950,6
Leila,F,1950,6
Anneli,F,1950,5
Annika,F,1950,5
Asha,F,1950,5
Aurora,F,1950,5
Bettina,F,1950,5
Caroline,F,1950,5
Cristina,F,1950,5
Emine,F,1950,5
Fanny,F,1950,5
Gabriela,F,1950,5
Hulda,F,1950,5
Jacqueline,F,1950,5
Julianne,F,1950,5
Kaia,F,1950,5
Linn,F,1950,5
Lucia,F,1950,5
Malika,F,1950,5
Mariam,F,1950,5
Maryam,F,1950,5
Oda,F,1950,5
Renata,F,1950,5
Stella,F,1950,5
Suzanne,F,1950,5
Tanja,F,1950,5
Ylva,F,1950,5
Adriana,F,1950,4
Alexandra,F,1950,4
Amira,F,1950,4
Anne-Lene,F,1950,4
Beatrice,F,1950,4
Bushra,F,1950,4
Dalia,F,1950,4
Daniela,F,1950,4
Elisa,F,1950,4
Halima,F,1950,4
Jelena,F,1950,4
Jennifer,F,1950,4
Karla,F,1950,4
Lotte,F,1950,4
Mariana,F,1950,4
Maryan,F,1950,4
Nadja,F,1950,4
Naima,F,1950,4
Oline,F,1950,4
Ragne,F,1950,4
Rina,F,1950,4
Salma,F,1950,4
Stina,F,1950,4
Yasmin,F,1950,4
Zainab,F,1950,4
Jan,M,1950,13408
Per,M,1950,10513
Bjørn,M,1950,9518
Kjell,M,1950,8434
Svein,M,1950,7779
Terje,M,1950,6490
Knut,M,1950,6262
Arne,M,1950,6112
Geir,M,1950,5783
Odd,M,1950,5262
Tor,M,1950,5009
Ole,M,1950,4905
Hans,M,1950,4372
John,M,1950,4111
Trond,M,1950,4064
Tore,M,1950,4041
Rolf,M,1950,3894
Gunnar,M,1950,3778
Rune,M,1950,3766
Helge,M,1950,3724
Tom,M,1950,3668
Lars,M,1950,3623
Steinar,M,1950,3434
Stein,M,1950,3417
Morten,M,1950,3339
Leif,M,1950,3295
Harald,M,1950,3201
Arild,M,1950,3140
Erik,M,1950,2988
Nils,M,1950,2909
Olav,M,1950,2779
Jon,M,1950,2674
Dag,M,1950,2514
Einar,M,1950,2497
Egil,M,1950,2381
Magne,M,1950,2277
Kåre,M,1950,2240
Vidar,M,1950,2209
Øyvind,M,1950,2170
Ivar,M,1950,2143
Frank,M,1950,2136
Roar,M,1950,1992
Alf,M,1950,1944
Øystein,M,1950,1824
Finn,M,1950,1800
Roy,M,1950,1774
Ove,M,1950,1749
Roger,M,1950,1687
Thor,M,1950,1674
Reidar,M,1950,1656
Arvid,M,1950,1607
Karl,M,1950,1566
Asbjørn,M,1950,1494
Sverre,M,1950,1454
Torbjørn,M,1950,1439
Stig,M,1950,1411
Åge,M,1950,1381
Inge,M,1950,1379
Oddvar,M,1950,1376
Ola,M,1950,1348
Erling,M,1950,1302
Frode,M,1950,1287
Pål,M,1950,1284
Arve,M,1950,1282
Jens,M,1950,1281
Anders,M,1950,1280
Johnny,M,1950,1273
Jostein,M,1950,1204
Bjarne,M,1950,1174
Johan,M,1950,1164
Petter,M,1950,1163
Ragnar,M,1950,1161
Jarle,M,1950,1136
Øivind,M,1950,1134
Jørn,M,1950,1105
Kurt,M,1950,1078
Atle,M,1950,1065
Kai,M,1950,1030
Håkon,M,1950,1019
Arnfinn,M,1950,1002
Eivind,M,1950,932
Paul,M,1950,910
Trygve,M,1950,904
Roald,M,1950,902
Sven,M,1950,882
Dagfinn,M,1950,844
Willy,M,1950,801
Bernt,M,1950,793
Magnar,M,1950,793
Arnt,M,1950,780
Ulf,M,1950,737
Sigmund,M,1950,732
Birger,M,1950,696
Torstein,M,1950,688
Henning,M,1950,687
Harry,M,1950,678
Kjetil,M,1950,673
Robert,M,1950,670
Sigurd,M,1950,668
Bjørnar,M,1950,652
Tormod,M,1950,646
Ketil,M,1950,642
Oddbjørn,M,1950,638
Torgeir,M,1950,620
Ståle,M,1950,616
Jonny,M,1950,603
Audun,M,1950,600
Martin,M,1950,589
Johannes,M,1950,583
Tommy,M,1950,571
Bent,M,1950,559
Kristian,M,1950,529
Jørgen,M,1950,517
Mohammad,M,1950,510
Peter,M,1950,510
Runar,M,1950,500
Håvard,M,1950,499
Espen,M,1950,494
Bård,M,1950,478
Otto,M,1950,477
Ingar,M,1950,474
Ottar,M,1950,473
Halvor,M,1950,456
Viggo,M,1950,455
Carl,M,1950,447
Lasse,M,1950,444
Bengt,M,1950,442
Olaf,M,1950,426
Andreas,M,1950,412
Eirik,M,1950,408
Asle,M,1950,402
Yngve,M,1950,402
Ernst,M,1950,397
Thomas,M,1950,388
Fred,M,1950,382
Sigbjørn,M,1950,382
Aage,M,1950,377
Henry,M,1950,365
Hallgeir,M,1950,363
Christian,M,1950,360
Idar,M,1950,350
Thore,M,1950,343
Jarl,M,1950,342
Arnstein,M,1950,338
Thorbjørn,M,1950,331
Torfinn,M,1950,330
Truls,M,1950,329
Sten,M,1950,323
Torleif,M,1950,318
Oddmund,M,1950,310
Georg,M,1950,309
Henrik,M,1950,309
Karsten,M,1950,309
Even,M,1950,308
Michael,M,1950,308
Peder,M,1950,302
Ingvar,M,1950,300
David,M,1950,299
Leiv,M,1950,290
Hugo,M,1950,284
Sveinung,M,1950,284
Halvard,M,1950,280
Ronald,M,1950,279
Kenneth,M,1950,273
Magnus,M,1950,263
Øistein,M,1950,263
Freddy,M,1950,258
Svenn,M,1950,258
Andrzej,M,1950,253
Ronny,M,1950,251
Børre,M,1950,250
Åsmund,M,1950,250
Edgar,M,1950,249
Børge,M,1950,241
Jan-Erik,M,1950,240
Endre,M,1950,237
Yngvar,M,1950,236
Edvin,M,1950,227
Jack,M,1950,227
Are,M,1950,223
Gudmund,M,1950,222
Karstein,M,1950,222
Fredrik,M,1950,221
Cato,M,1950,216
Richard,M,1950,215
Agnar,M,1950,213
Gisle,M,1950,213
Ali,M,1950,212
Hallvard,M,1950,211
Svend,M,1950,209
Kolbjørn,M,1950,208
Asgeir,M,1950,207
Bjarte,M,1950,206
Erland,M,1950,203
Aksel,M,1950,196
Arnold,M,1950,196
Joar,M,1950,195
Oddgeir,M,1950,192
Kristen,M,1950,187
Mohamed,M,1950,187
Raymond,M,1950,183
Arthur,M,1950,182
Jakob,M,1950,180
Charles,M,1950,178
Villy,M,1950,176
Alfred,M,1950,175
Thorleif,M,1950,174
Dan,M,1950,172
Eilif,M,1950,165
Tron,M,1950,165
Viktor,M,1950,165
Klaus,M,1950,164
Werner,M,1950,164
Sjur,M,1950,159
Jim,M,1950,154
Edvard,M,1950,151
Guttorm,M,1950,151
Arnulf,M,1950,149
Sigve,M,1950,149
Stanislaw,M,1950,148
Anton,M,1950,147
Toralf,M,1950,143
Gustav,M,1950,142
Snorre,M,1950,142
Norvald,M,1950,141
Zbigniew,M,1950,139
Jann,M,1950,136
Walter,M,1950,136
Kyrre,M,1950,135
Paal,M,1950,135
Wiggo,M,1950,134
Jerzy,M,1950,133
Kim,M,1950,132
Eldar,M,1950,131
Jo,M,1950,131
Rolv,M,1950,131
Niels,M,1950,129
Oskar,M,1950,129
Hermod,M,1950,127
Kay,M,1950,126
Kent,M,1950,125
Krzysztof,M,1950,125
William,M,1950,125
Ivan,M,1950,123
Glenn,M,1950,122
Marek,M,1950,122
Ahmed,M,1950,120
Gaute,M,1950,120
Emil,M,1950,118
Edmund,M,1950,115
Ryszard,M,1950,115
Abdul,M,1950,114
Mohammed,M,1950,114
Aslak,M,1950,113
Bernhard,M,1950,113
Ingvald,M,1950,112
Sture,M,1950,111
Ragnvald,M,1950,110
Iver,M,1950,109
Kjartan,M,1950,108
Tadeusz,M,1950,108
Bo,M,1950,106
Torger,M,1950,106
Daniel,M,1950,105
Haakon,M,1950,105
Oddvin,M,1950,105
Victor,M,1950,105
Jose,M,1950,103
Ingolf,M,1950,102
Sturla,M,1950,102
Amund,M,1950,99
Gjermund,M,1950,99
Vegard,M,1950,98
Miroslaw,M,1950,97
Stephen,M,1950,97
Janusz,M,1950,96
Fritz,M,1950,95
Malvin,M,1950,95
Sindre,M,1950,95
Allan,M,1950,94
Hjalmar,M,1950,94
Kristoffer,M,1950,94
Ørnulf,M,1950,94
Elling,M,1950,90
Hilmar,M,1950,88
Wilhelm,M,1950,87
Bertil,M,1950,86
Brede,M,1950,86
Claus,M,1950,85
Widar,M,1950,85
Gunvald,M,1950,84
Henryk,M,1950,84
Thorstein,M,1950,84
Jozef,M,1950,83
Kaj,M,1950,83
Torodd,M,1950,82
Brynjar,M,1950,81
Erlend,M,1950,81
Søren,M,1950,81
Torleiv,M,1950,81
Axel,M,1950,79
Eigil,M,1950,78
Roman,M,1950,78
Juan,M,1950,77
Hallstein,M,1950,76
Hassan,M,1950,76
Hermann,M,1950,76
Torkel,M,1950,76
Ibrahim,M,1950,75
Kazimierz,M,1950,75
Konrad,M,1950,75
Alv,M,1950,74
Rasmus,M,1950,74
Andre,M,1950,73
Brynjulf,M,1950,73
Christopher,M,1950,73
Jørund,M,1950,73
Kaare,M,1950,73
Carsten,M,1950,72
Jacob,M,1950,72
Tony,M,1950,72
Frits,M,1950,71
Gerhard,M,1950,71
James,M,1950,71
Edward,M,1950,70
Eyvind,M,1950,70
Leszek,M,1950,70
Mads,M,1950,70
Mats,M,1950,70
Oddleif,M,1950,70
Simon,M,1950,70
Adam,M,1950,69
Njål,M,1950,69
Sivert,M,1950,69
Eric,M,1950,68
Oscar,M,1950,68
Albert,M,1950,67
Gøran,M,1950,67
Jahn,M,1950,66
Mark,M,1950,66
Omar,M,1950,66
Rudolf,M,1950,66
Carlos,M,1950,65
Stefan,M,1950,65
Wieslaw,M,1950,64
Ahmad,M,1950,63
Eilert,M,1950,63
Tomas,M,1950,63
Herman,M,1950,61
Torgrim,M,1950,61
Marian,M,1950,60
Narve,M,1950,60
Per-Arne,M,1950,60
Ørjan,M,1950,60
Jonn,M,1950,59
Lennart,M,1950,58
Piotr,M,1950,57
Andrew,M,1950,56
Ansgar,M,1950,56
Thorvald,M,1950,55
Bror,M,1950,54
Muhammad,M,1950,53
Annar,M,1950,52
Ingebrigt,M,1950,52
Luis,M,1950,52
Halfdan,M,1950,51
Jonas,M,1950,51
Mustafa,M,1950,51
Ian,M,1950,50
Jomar,M,1950,50
Normann,M,1950,50
Bogdan,M,1950,49
Leon,M,1950,49
Jorge,M,1950,48
Josef,M,1950,47
Osvald,M,1950,47
Waldemar,M,1950,47
Evald,M,1950,46
Mehmet,M,1950,46
Gjert,M,1950,45
Vladimir,M,1950,45
Hans-Petter,M,1950,44
Ingve,M,1950,44
Sigfred,M,1950,44
Steffen,M,1950,44
Alexander,M,1950,43
Hogne,M,1950,43
Marius,M,1950,43
Ben,M,1950,41
Eystein,M,1950,41
Grzegorz,M,1950,41
Jøran,M,1950,41
Robin,M,1950,41
Van,M,1950,41
Ludvig,M,1950,40
Mons,M,1950,40
Fridtjof,M,1950,39
Haldor,M,1950,39
Preben,M,1950,39
Tord,M,1950,39
Ådne,M,1950,39
Isak,M,1950,38
Milan,M,1950,38
Holger,M,1950,37
Mikkel,M,1950,37
Tage,M,1950,37
Marvin,M,1950,36
Kato,M,1950,35
Manuel,M,1950,35
Steven,M,1950,35
Svein-Erik,M,1950,35
Thanh,M,1950,35
Aasmund,M,1950,34
Roland,M,1950,34
Boguslaw,M,1950,33
Hasan,M,1950,33
Antonio,M,1950,32
Mario,M,1950,32
Baard,M,1950,31
Eddie,M,1950,31
Joseph,M,1950,31
Jørg,M,1950,31
Steve,M,1950,31
Torkild,M,1950,31
Wojciech,M,1950,31
Jone,M,1950,30
Ken,M,1950,30
Asmund,M,1950,29
Elias,M,1950,29
Gabriel,M,1950,29
Jacek,M,1950,29
Mahmoud,M,1950,29
Gudbrand,M,1950,28
Hamid,M,1950,28
Samuel,M,1950,28
Torvald,M,1950,28
Brian,M,1950,27
Simen,M,1950,27
Anthony,M,1950,26
Flemming,M,1950,26
Abdi,M,1950,25
Alan,M,1950,25
Gert,M,1950,25
Jamal,M,1950,25
Kevin,M,1950,25
Khalid,M,1950,24
Leo,M,1950,24
Mikal,M,1950,24
Gard,M,1950,23
George,M,1950,23
Lorentz,M,1950,23
Mohamad,M,1950,23
Philip,M,1950,23
Rino,M,1950,23
Ahmet,M,1950,22
Claes,M,1950,22
Heine,M,1950,22
Mathias,M,1950,22
Nicholas,M,1950,22
Patrick,M,1950,22
Stian,M,1950,22
Christen,M,1950,21
Francisco,M,1950,21
Jean,M,1950,21
Johann,M,1950,21
Osman,M,1950,21
Andres,M,1950,20
Ruben,M,1950,20
Torkil,M,1950,20
Borgar,M,1950,19
Sigvald,M,1950,19
Tarald,M,1950,19
Tomasz,M,1950,19
Vytautas,M,1950,19
Karim,M,1950,18
Max,M,1950,18
Per-Erik,M,1950,18
Syed,M,1950,18
Tor-Arne,M,1950,18
Frithjof,M,1950,17
Joachim,M,1950,17
Mariusz,M,1950,17
Reza,M,1950,17
Tellef,M,1950,17
Torben,M,1950,17
Aleksander,M,1950,16
Ingmar,M,1950,16
Lars-Erik,M,1950,16
Laurits,M,1950,16
Miguel,M,1950,16
Nikolai,M,1950,16
Slawomir,M,1950,16
Benny,M,1950,15
Dariusz,M,1950,15
Melvin,M,1950,15
Said,M,1950,15
Tim,M,1950,15
Ulrik,M,1950,15
Abbas,M,1950,14
Alvin,M,1950,14
Amir,M,1950,14
Esben,M,1950,14
Gorm,M,1950,14
Rainer,M,1950,14
Tarjei,M,1950,14
Tonny,M,1950,14
Vebjørn,M,1950,14
Antoni,M,1950,13
Bjørge,M,1950,13
Louis,M,1950,13
Lyder,M,1950,13
Norbert,M,1950,13
Odin,M,1950,13
Rene,M,1950,13
Timothy,M,1950,13
Yusuf,M,1950,13
Ireneusz,M,1950,12
Michal,M,1950,12
Miroslav,M,1950,12
Ricardo,M,1950,12
Eskild,M,1950,11
Lauritz,M,1950,11
Minh,M,1950,11
Seyed,M,1950,11
Alex,M,1950,10
Dragan,M,1950,10
Marcel,M,1950,10
Ronnie,M,1950,10
Skjalg,M,1950,10
Vegar,M,1950,10
Abdullah,M,1950,9
Abdullahi,M,1950,9
Abraham,M,1950,9
Benjamin,M,1950,9
Bjørn-Erik,M,1950,9
Christer,M,1950,9
Helmer,M,1950,9
Ismail,M,1950,9
Jimmy,M,1950,9
Morgan,M,1950,9
Remi,M,1950,9
Abdirahman,M,1950,8
Adnan,M,1950,8
Kennet,M,1950,8
Pedro,M,1950,8
Roberto,M,1950,8
Rudi,M,1950,8
Sam,M,1950,8
Syver,M,1950,8
Sølve,M,1950,8
Tom-Erik,M,1950,8
Zoran,M,1950,8
Hussein,M,1950,7
Ari,M,1950,6
Didrik,M,1950,6
Kestutis,M,1950,6
Mehdi,M,1950,6
Tønnes,M,1950,6
Colin,M,1950,5
Dennis,M,1950,5
Edin,M,1950,5
Edwin,M,1950,5
Eskil,M,1950,5
Farhad,M,1950,5
Igor,M,1950,5
Jonathan,M,1950,5
Julius,M,1950,5
Ludvik,M,1950,5
Markus,M,1950,5
Mikael,M,1950,5
Ole-Petter,M,1950,5
Scott,M,1950,5
Vilhelm,M,1950,5
Adrian,M,1950,4
Andrej,M,1950,4
Bernard,M,1950,4
Emir,M,1950,4
Fernando,M,1950,4
Franciszek,M,1950,4
Frans,M,1950,4
Goran,M,1950,4
Haavard,M,1950,4
Joao,M,1950,4
Leonard,M,1950,4
Levi,M,1950,4
Maciej,M,1950,4
Martinus,M,1950,4
Matthias,M,1950,4
Mostafa,M,1950,4
Nicolas,M,1950,4
Nikola,M,1950,4
Nikolay,M,1950,4
Ole-Martin,M,1950,4
Oliver,M,1950,4
Pavel,M,1950,4
Pawel,M,1950,4
Rikard,M,1950,4
Salah,M,1950,4
Samir,M,1950,4
Sigvart,M,1950,4
Stephan,M,1950,4
Ted,M,1950,4
Vetle,M,1950,4
Wiktor,M,1950,4
Anne,F,1960,16393
Hilde,F,1960,6801
Nina,F,1960,6356
Bente,F,1960,6207
Heidi,F,1960,6087
Anita,F,1960,5751
Tone,F,1960,5337
Marit,F,1960,5301
Marianne,F,1960,5247
Kari,F,1960,5190
Inger,F,1960,5183
Tove,F,1960,4721
Kristin,F,1960,4685
Mona,F,1960,4589
Wenche,F,1960,4240
Ann,F,1960,4085
Mette,F,1960,3970
Eva,F,1960,3807
Liv,F,1960,3763
Elisabeth,F,1960,3684
Elin,F,1960,3636
Hanne,F,1960,3294
Sissel,F,1960,3211
Berit,F,1960,3182
Hege,F,1960,3153
Gunn,F,1960,3062
Linda,F,1960,3054
Randi,F,1960,3005
Ellen,F,1960,2835
Trine,F,1960,2711
Siv,F,1960,2628
Laila,F,1960,2507
Gro,F,1960,2495
Monica,F,1960,2474
May,F,1960,2419
Rita,F,1960,2328
Lise,F,1960,2206
Janne,F,1960,2166
Irene,F,1960,2146
Kjersti,F,1960,2129
Grethe,F,1960,2123
Astrid,F,1960,2080
Ingrid,F,1960,2073
Grete,F,1960,2047
Merete,F,1960,2008
Jorunn,F,1960,2005
Britt,F,1960,2001
Unni,F,1960,1966
Karin,F,1960,1945
Line,F,1960,1888
Lisbeth,F,1960,1873
Åse,F,1960,1870
Eli,F,1960,1850
Turid,F,1960,1790
Solveig,F,1960,1729
Ingunn,F,1960,1600
Bjørg,F,1960,1562
Trude,F,1960,1561
Gry,F,1960,1558
Siri,F,1960,1544
Torill,F,1960,1539
Aud,F,1960,1531
Ragnhild,F,1960,1475
Vigdis,F,1960,1465
Maria,F,1960,1245
Beate,F,1960,1202
Else,F,1960,1197
Sølvi,F,1960,1166
Lene,F,1960,1160
Reidun,F,1960,1154
Bodil,F,1960,1151
Kirsti,F,1960,1143
Lillian,F,1960,1120
Vibeke,F,1960,1079
Gerd,F,1960,1071
Torunn,F,1960,1059
Toril,F,1960,1054
Brit,F,1960,1050
Anna,F,1960,1044
Lena,F,1960,1024
Kirsten,F,1960,984
Mariann,F,1960,969
Synnøve,F,1960,961
Anette,F,1960,890
Siw,F,1960,855
Cathrine,F,1960,851
Jane,F,1960,851
Aina,F,1960,837
Ruth,F,1960,836
Merethe,F,1960,792
Lill,F,1960,756
Sonja,F,1960,754
Solfrid,F,1960,706
Mari,F,1960,701
Monika,F,1960,700
Birgit,F,1960,679
Cecilie,F,1960,679
Karen,F,1960,676
Helene,F,1960,673
Ann-Kristin,F,1960,663
Evy,F,1960,620
Helen,F,1960,582
Ingeborg,F,1960,574
Birgitte,F,1960,554
Signe,F,1960,546
Torhild,F,1960,537
Marie,F,1960,529
Rigmor,F,1960,524
Gunhild,F,1960,518
Sigrid,F,1960,507
Åshild,F,1960,507
Guri,F,1960,502
Annette,F,1960,489
Hildegunn,F,1960,489
Unn,F,1960,476
Helle,F,1960,472
Jorun,F,1960,470
Ingvild,F,1960,459
Anne-Lise,F,1960,453
Kristine,F,1960,445
Christine,F,1960,444
Torild,F,1960,429
Helga,F,1960,413
Sidsel,F,1960,405
Iren,F,1960,404
May-Britt,F,1960,402
Christin,F,1960,396
Vivian,F,1960,396
Sigrun,F,1960,389
Tina,F,1960,386
Ida,F,1960,374
Ingebjørg,F,1960,373
Mary,F,1960,372
Elena,F,1960,368
Margrethe,F,1960,367
Stine,F,1960,366
Kate,F,1960,356
Brita,F,1960,355
Mai,F,1960,354
Olaug,F,1960,352
Pia,F,1960,347
Susanne,F,1960,342
Marita,F,1960,340
Katrine,F,1960,335
Camilla,F,1960,330
June,F,1960,330
Tonje,F,1960,329
Aase,F,1960,318
Gunvor,F,1960,317
Anja,F,1960,309
Vera,F,1960,306
Frøydis,F,1960,302
Kathrine,F,1960,301
Marina,F,1960,301
Jeanette,F,1960,300
Venke,F,1960,300
Oddrun,F,1960,298
Inger-Lise,F,1960,291
Barbro,F,1960,290
Olga,F,1960,290
Svanhild,F,1960,282
Edel,F,1960,277
Vivi,F,1960,277
Evelyn,F,1960,268
Liss,F,1960,260
Oddny,F,1960,257
Sylvi,F,1960,252
Christina,F,1960,244
Inga,F,1960,243
Gudrun,F,1960,239
Irina,F,1960,239
Svetlana,F,1960,238
Therese,F,1960,238
Ina,F,1960,237
Lisa,F,1960,237
Margareth,F,1960,236
Anne-Grethe,F,1960,235
Gøril,F,1960,234
Yvonne,F,1960,234
Malgorzata,F,1960,233
Astri,F,1960,232
Eirin,F,1960,230
Jolanta,F,1960,229
Gitte,F,1960,227
Ranveig,F,1960,223
Margit,F,1960,222
Gina,F,1960,220
Tine,F,1960,220
Tanja,F,1960,218
Siren,F,1960,216
Ellinor,F,1960,213
Karina,F,1960,213
Connie,F,1960,211
Charlotte,F,1960,210
Elizabeth,F,1960,210
Oddveig,F,1960,209
Beata,F,1960,206
Elisabet,F,1960,206
Marion,F,1960,206
Jenny,F,1960,205
Ewa,F,1960,204
Jannicke,F,1960,203
Nancy,F,1960,203
Guro,F,1960,200
Johanne,F,1960,200
Sandra,F,1960,199
Anniken,F,1960,198
Ingun,F,1960,198
Ann-Karin,F,1960,197
Beathe,F,1960,197
Greta,F,1960,197
Lisbet,F,1960,197
Agnes,F,1960,191
Karianne,F,1960,191
Solbjørg,F,1960,191
Arnhild,F,1960,190
Aslaug,F,1960,188
Barbara,F,1960,186
Margunn,F,1960,186
Ingjerd,F,1960,185
Kjerstin,F,1960,184
Susan,F,1960,184
Margrete,F,1960,182
Ann-Christin,F,1960,181
Iris,F,1960,181
Gunnhild,F,1960,180
Renate,F,1960,180
Rannveig,F,1960,175
Erna,F,1960,174
Margaret,F,1960,174
Nora,F,1960,174
Målfrid,F,1960,173
Jorid,F,1960,172
Norunn,F,1960,172
Audhild,F,1960,169
Elise,F,1960,169
Marta,F,1960,169
Birthe,F,1960,168
Martha,F,1960,167
Birte,F,1960,166
Judith,F,1960,166
Oddbjørg,F,1960,166
Ane,F,1960,164
Magnhild,F,1960,164
Thi,F,1960,164
Borghild,F,1960,163
Alice,F,1960,162
Edith,F,1960,158
Elsa,F,1960,158
Fatima,F,1960,158
Wenke,F,1960,158
Dorota,F,1960,157
Marian,F,1960,154
Runa,F,1960,152
Tatiana,F,1960,149
Carina,F,1960,148
Natalia,F,1960,148
Anny,F,1960,147
Ana,F,1960,145
Hanna,F,1960,145
Elzbieta,F,1960,144
Sylvia,F,1960,144
Gjertrud,F,1960,142
Janicke,F,1960,142
Ine,F,1960,141
Benedicte,F,1960,140
Ingvill,F,1960,140
Ulla,F,1960,140
Lone,F,1960,139
Henny,F,1960,138
Mari-Ann,F,1960,138
Ann-Mari,F,1960,137
Linn,F,1960,137
Andrea,F,1960,136
Anne-Mette,F,1960,135
Rønnaug,F,1960,135
Torun,F,1960,135
Eldbjørg,F,1960,132
Anne-Marie,F,1960,130
Dagny,F,1960,130
Haldis,F,1960,129
Kjellaug,F,1960,128
Sara,F,1960,128
Annbjørg,F,1960,127
Kim,F,1960,126
Kerstin,F,1960,125
Marte,F,1960,124
Renata,F,1960,124
Anne-Britt,F,1960,123
Anne-Grete,F,1960,122
Jill,F,1960,122
Helena,F,1960,121
Katrin,F,1960,121
Petra,F,1960,120
Benthe,F,1960,119
Ann-Helen,F,1960,118
Annie,F,1960,117
Anne-Karin,F,1960,116
Maj,F,1960,116
Tordis,F,1960,115
Anett,F,1960,114
Ester,F,1960,114
Iwona,F,1960,114
Kari-Anne,F,1960,113
Brith,F,1960,110
Teresa,F,1960,108
Venche,F,1960,108
Esther,F,1960,106
Hjørdis,F,1960,106
Diana,F,1960,105
Lina,F,1960,105
Amina,F,1960,104
Catherine,F,1960,104
Doris,F,1960,103
Lilly,F,1960,103
Christel,F,1960,102
Kristina,F,1960,101
Ragna,F,1960,100
Anne-Kristin,F,1960,99
Åsa,F,1960,99
Sigrunn,F,1960,98
Henriette,F,1960,97
Vanja,F,1960,96
Ella,F,1960,95
Kristi,F,1960,95
Tatjana,F,1960,95
Torbjørg,F,1960,95
Zahra,F,1960,95
Gun,F,1960,93
Veronica,F,1960,93
Anneli,F,1960,92
Katarzyna,F,1960,92
Rose,F,1960,92
Synøve,F,1960,92
Agnete,F,1960,91
Caroline,F,1960,91
Janet,F,1960,91
Live,F,1960,91
Julie,F,1960,90
Vibecke,F,1960,90
Claudia,F,1960,87
Anne-Berit,F,1960,86
Dagrun,F,1960,86
Danuta,F,1960,86
Mai-Britt,F,1960,86
Sabine,F,1960,86
Solvor,F,1960,86
Angela,F,1960,84
Kathe,F,1960,84
Torgunn,F,1960,83
Harriet,F,1960,82
Joanna,F,1960,82
Klara,F,1960,82
Solgunn,F,1960,82
Veslemøy,F,1960,82
Victoria,F,1960,82
Bozena,F,1960,81
Miriam,F,1960,81
Birgitta,F,1960,80
Paula,F,1960,80
Annika,F,1960,79
Carmen,F,1960,79
Johanna,F,1960,79
Maryam,F,1960,79
Stina,F,1960,79
May-Liss,F,1960,78
Hild,F,1960,77
Jelena,F,1960,77
Regina,F,1960,77
Benedikte,F,1960,76
Gretha,F,1960,76
Herdis,F,1960,76
Peggy,F,1960,76
Irena,F,1960,75
Julia,F,1960,75
Patricia,F,1960,75
Brynhild,F,1960,74
Marthe,F,1960,74
Galina,F,1960,73
Solrun,F,1960,73
Hildur,F,1960,72
Annlaug,F,1960,71
Cecilia,F,1960,71
Maren,F,1960,71
Rakel,F,1960,70
Rikke,F,1960,70
Dina,F,1960,68
Snefrid,F,1960,68
Annelise,F,1960,67
Dorthe,F,1960,67
Grazyna,F,1960,67
Jacqueline,F,1960,67
Rosa,F,1960,67
Anne-Marit,F,1960,66
Lindis,F,1960,66
Reidunn,F,1960,66
Trine-Lise,F,1960,66
Fatma,F,1960,65
Signy,F,1960,65
Asbjørg,F,1960,64
Bettina,F,1960,64
Cathrin,F,1960,64
Fadumo,F,1960,64
Krystyna,F,1960,64
Mia,F,1960,64
Catharina,F,1960,62
Jofrid,F,1960,62
Karine,F,1960,62
Magni,F,1960,62
Solvår,F,1960,62
Liz,F,1960,61
Larisa,F,1960,60
Turi,F,1960,60
Kaja,F,1960,59
Rut,F,1960,59
Sarah,F,1960,59
Valentina,F,1960,59
Eldrid,F,1960,58
Aida,F,1960,57
Alexandra,F,1960,57
Inghild,F,1960,57
Kathrin,F,1960,57
Ada,F,1960,56
Daiva,F,1960,56
Silvia,F,1960,56
Betty,F,1960,55
Eileen,F,1960,55
Idun,F,1960,55
Møyfrid,F,1960,55
Anni,F,1960,54
Cornelia,F,1960,54
Gunnvor,F,1960,54
Mary-Ann,F,1960,54
Marzena,F,1960,54
Mina,F,1960,54
Ingfrid,F,1960,53
Lajla,F,1960,53
Mildrid,F,1960,53
Nadia,F,1960,53
Tora,F,1960,53
Åsta,F,1960,53
Agnieszka,F,1960,52
Daniela,F,1960,52
Halldis,F,1960,52
Katharina,F,1960,52
Magdalena,F,1960,52
Pernille,F,1960,52
Sahra,F,1960,52
Margarita,F,1960,51
Åslaug,F,1960,51
Louise,F,1960,50
Samira,F,1960,50
Wigdis,F,1960,50
Asta,F,1960,49
Kitty,F,1960,49
Maud,F,1960,49
Mirjam,F,1960,49
Violeta,F,1960,49
Amal,F,1960,48
Elna,F,1960,48
Emma,F,1960,48
Gabriela,F,1960,48
Hilda,F,1960,48
Inger-Johanne,F,1960,48
Leni,F,1960,48
Thanh,F,1960,48
Anne-Kari,F,1960,47
Isabel,F,1960,47
Malin,F,1960,47
Sunniva,F,1960,47
Fatemeh,F,1960,46
Josephine,F,1960,46
Margun,F,1960,46
Anne-Lene,F,1960,45
Dagmar,F,1960,45
Jannike,F,1960,45
Ngoc,F,1960,45
Silje,F,1960,45
Ayse,F,1960,44
Borgny,F,1960,44
Ilona,F,1960,44
Nelly,F,1960,44
Sonia,F,1960,44
Alfhild,F,1960,43
Cristina,F,1960,43
Eline,F,1960,43
Lotte,F,1960,43
Ma,F,1960,43
Renee,F,1960,43
Hatice,F,1960,42
Ingelin,F,1960,42
Katarina,F,1960,42
Thu,F,1960,42
Aleksandra,F,1960,41
Karoline,F,1960,41
Lidia,F,1960,41
Mariam,F,1960,41
Hedvig,F,1960,40
Irmelin,F,1960,40
Khadija,F,1960,40
Sofie,F,1960,40
Åsne,F,1960,40
Emine,F,1960,39
Grace,F,1960,39
Gunnbjørg,F,1960,39
Ingerid,F,1960,39
Jette,F,1960,39
Ragne,F,1960,39
Wendy,F,1960,39
Anne-Mari,F,1960,38
Catrine,F,1960,38
Magny,F,1960,38
Thuy,F,1960,38
Arna,F,1960,37
Janita,F,1960,37
Rasa,F,1960,37
Dalia,F,1960,36
Gloria,F,1960,36
Izabela,F,1960,36
Laura,F,1960,36
Susann,F,1960,36
Synne,F,1960,36
Valborg,F,1960,36
Alma,F,1960,35
Jamila,F,1960,35
Nada,F,1960,35
Alicja,F,1960,34
Edle,F,1960,34
Malika,F,1960,34
Erika,F,1960,33
Lilian,F,1960,33
Rebecca,F,1960,33
Vilma,F,1960,33
Wanja,F,1960,33
Elen,F,1960,32
Nanna,F,1960,32
Ramona,F,1960,32
Aashild,F,1960,31
Agnethe,F,1960,31
Gabriele,F,1960,31
Gunnlaug,F,1960,31
Hong,F,1960,31
Maya,F,1960,31
Michelle,F,1960,31
Alina,F,1960,30
Asha,F,1960,30
Bergljot,F,1960,30
Bushra,F,1960,30
Halima,F,1960,30
Rachel,F,1960,30
Yngvild,F,1960,30
Leila,F,1960,29
Margot,F,1960,29
Maryan,F,1960,29
Oddlaug,F,1960,29
Phuong,F,1960,29
Thea,F,1960,29
Inger-Marie,F,1960,28
Jessica,F,1960,28
Martina,F,1960,28
Tanya,F,1960,28
Gine,F,1960,27
Gyda,F,1960,27
Irma,F,1960,27
Susanna,F,1960,27
Audny,F,1960,26
Christiane,F,1960,26
Fride,F,1960,26
Iryna,F,1960,26
Kjellfrid,F,1960,26
Leikny,F,1960,26
Urszula,F,1960,26
Alise,F,1960,25
Anlaug,F,1960,25
Anne-Sofie,F,1960,25
Frid,F,1960,25
Jennifer,F,1960,25
Katja,F,1960,25
Maja,F,1960,25
Zainab,F,1960,25
Tamara,F,1960,24
Elfrid,F,1960,23
Judit,F,1960,23
Vida,F,1960,23
Belinda,F,1960,22
Edna,F,1960,22
Adriana,F,1960,21
Ines,F,1960,21
Ninni,F,1960,21
Elisa,F,1960,20
Lucia,F,1960,20
Maiken,F,1960,20
Olena,F,1960,20
Eivor,F,1960,19
Gerda,F,1960,19
Isabella,F,1960,19
Une,F,1960,19
Viktoria,F,1960,19
Agata,F,1960,18
Gudny,F,1960,18
Hedda,F,1960,18
Isabelle,F,1960,18
Jana,F,1960,18
Kjellrun,F,1960,18
Liliana,F,1960,18
Ragni,F,1960,18
Simone,F,1960,18
Una,F,1960,18
Anbjørg,F,1960,17
Farah,F,1960,17
Iman,F,1960,17
My,F,1960,17
Suzanne,F,1960,17
Tale,F,1960,17
Ausra,F,1960,16
Beatrice,F,1960,16
Edyta,F,1960,16
Marielle,F,1960,16
Marlen,F,1960,16
Regine,F,1960,16
Saba,F,1960,16
Sabina,F,1960,16
Selma,F,1960,16
Edit,F,1960,15
Emmy,F,1960,15
Lilli,F,1960,15
Norma,F,1960,15
Safia,F,1960,15
Angelika,F,1960,14
Azra,F,1960,14
Edita,F,1960,14
Fanny,F,1960,14
Frida,F,1960,14
Joan,F,1960,14
Lucy,F,1960,14
Sharon,F,1960,14
Carla,F,1960,13
Elinor,F,1960,13
Ingri,F,1960,13
Nathalie,F,1960,13
Sol,F,1960,13
Sylwia,F,1960,13
Terese,F,1960,13
Alvhild,F,1960,12
Carine,F,1960,12
Cesilie,F,1960,12
Elina,F,1960,12
Jasmina,F,1960,12
Mariana,F,1960,12
Milena,F,1960,12
Rina,F,1960,12
Sophie,F,1960,12
Ågot,F,1960,12
Deborah,F,1960,11
Fiona,F,1960,11
Oksana,F,1960,11
Silja,F,1960,11
Sofia,F,1960,11
Veronika,F,1960,11
Ingvil,F,1960,10
Kristel,F,1960,10
Sanja,F,1960,10
Thale,F,1960,10
Vilde,F,1960,10
Viola,F,1960,10
Ylva,F,1960,10
Aagot,F,1960,9
Amira,F,1960,9
Ebba,F,1960,9
Else-Marie,F,1960,9
Herborg,F,1960,9
Ingrida,F,1960,9
Julianne,F,1960,9
Marlene,F,1960,9
Naima,F,1960,9
Sigfrid,F,1960,9
Yasmin,F,1960,9
Aileen,F,1960,8
Carolina,F,1960,8
Elbjørg,F,1960,8
Elvira,F,1960,8
Emilia,F,1960,8
Hana,F,1960,8
Huda,F,1960,8
Jasmin,F,1960,8
Lovise,F,1960,8
Nicole,F,1960,8
Pauline,F,1960,8
Sheila,F,1960,8
Stella,F,1960,8
Stephanie,F,1960,8
Zara,F,1960,8
Magda,F,1960,6
Marry,F,1960,6
Renathe,F,1960,6
Alicia,F,1960,5
Amelia,F,1960,5
Bianca,F,1960,5
Clara,F,1960,5
Dana,F,1960,5
Eliza,F,1960,5
Elsie,F,1960,5
Erica,F,1960,5
Gabrielle,F,1960,5
Hodan,F,1960,5
Jeanett,F,1960,5
Jurgita,F,1960,5
Kine,F,1960,5
Malene,F,1960,5
Marija,F,1960,5
Muna,F,1960,5
Natalie,F,1960,5
Olivia,F,1960,5
Rebekka,F,1960,5
Samantha,F,1960,5
Simona,F,1960,5
Zeinab,F,1960,5
Aasta,F,1960,4
Agathe,F,1960,4
Aisha,F,1960,4
Alette,F,1960,4
Angelica,F,1960,4
Anine,F,1960,4
Aurora,F,1960,4
Celine,F,1960,4
Cicilie,F,1960,4
Desiree,F,1960,4
Ekaterina,F,1960,4
Elly,F,1960,4
Emily,F,1960,4
Gabriella,F,1960,4
Hanan,F,1960,4
Hennie,F,1960,4
Isabell,F,1960,4
Kaia,F,1960,4
Kamilla,F,1960,4
Katherine,F,1960,4
Kelly,F,1960,4
Lara,F,1960,4
Leyla,F,1960,4
Liza,F,1960,4
Lotta,F,1960,4
Lydia,F,1960,4
Madeleine,F,1960,4
Mali,F,1960,4
Martine,F,1960,4
Mathilde,F,1960,4
Maylen,F,1960,4
Melinda,F,1960,4
Melissa,F,1960,4
Mira,F,1960,4
Oda,F,1960,4
Rahma,F,1960,4
Rana,F,1960,4
Ruta,F,1960,4
Sanna,F,1960,4
Siril,F,1960,4
Theresa,F,1960,4
Thora,F,1960,4
Zofia,F,1960,4
Jan,M,1960,13044
Bjørn,M,1960,9944
Geir,M,1960,9317
Per,M,1960,9230
Rune,M,1960,7088
Terje,M,1960,6358
Svein,M,1960,6179
Trond,M,1960,5953
Knut,M,1960,5818
Morten,M,1960,5712
Lars,M,1960,5654
Kjell,M,1960,5625
Ole,M,1960,5598
Tor,M,1960,5036
Tom,M,1960,4562
Tore,M,1960,4345
Hans,M,1960,4305
John,M,1960,4256
Arne,M,1960,4241
Odd,M,1960,4078
Frode,M,1960,3700
Erik,M,1960,3635
Jon,M,1960,3337
Stig,M,1960,3305
Frank,M,1960,3299
Dag,M,1960,3263
Roger,M,1960,3167
Stein,M,1960,3036
Øyvind,M,1960,2998
Arild,M,1960,2884
Vidar,M,1960,2881
Helge,M,1960,2807
Roy,M,1960,2692
Steinar,M,1960,2644
Harald,M,1960,2613
Rolf,M,1960,2571
Nils,M,1960,2570
Pål,M,1960,2554
Leif,M,1960,2506
Kjetil,M,1960,2460
Gunnar,M,1960,2229
Jarle,M,1960,2141
Øystein,M,1960,2133
Roar,M,1960,2085
Olav,M,1960,2049
Jørn,M,1960,1977
Anders,M,1960,1967
Espen,M,1960,1922
Ove,M,1960,1782
Einar,M,1960,1722
Atle,M,1960,1695
Magne,M,1960,1637
Robert,M,1960,1630
Ivar,M,1960,1617
Johnny,M,1960,1607
Tommy,M,1960,1552
Thor,M,1960,1541
Egil,M,1960,1535
Alf,M,1960,1493
Petter,M,1960,1455
Ronny,M,1960,1372
Kurt,M,1960,1317
Kai,M,1960,1300
Finn,M,1960,1293
Arve,M,1960,1283
Karl,M,1960,1269
Ståle,M,1960,1253
Thomas,M,1960,1243
Inge,M,1960,1241
Jonny,M,1960,1215
Jens,M,1960,1212
Kåre,M,1960,1204
Ola,M,1960,1175
Jostein,M,1960,1161
Håkon,M,1960,1151
Torbjørn,M,1960,1149
Bård,M,1960,1114
Kenneth,M,1960,1111
Henning,M,1960,1052
Sverre,M,1960,1024
Eivind,M,1960,1021
Sven,M,1960,988
Eirik,M,1960,963
Ketil,M,1960,954
Håvard,M,1960,949
Reidar,M,1960,921
Åge,M,1960,920
Asbjørn,M,1960,919
Erling,M,1960,914
Arnt,M,1960,886
Christian,M,1960,879
Johan,M,1960,868
Paul,M,1960,852
Lasse,M,1960,831
Arvid,M,1960,823
Bjørnar,M,1960,820
Martin,M,1960,818
Bent,M,1960,804
Torgeir,M,1960,782
Runar,M,1960,781
Trygve,M,1960,730
Kristian,M,1960,715
Bjarne,M,1960,711
Bernt,M,1960,704
Øivind,M,1960,703
Peter,M,1960,695
Ragnar,M,1960,665
Ulf,M,1960,658
Fred,M,1960,635
Andre,M,1960,605
Oddvar,M,1960,602
Mohammad,M,1960,601
Andrzej,M,1960,591
Jørgen,M,1960,588
Glenn,M,1960,584
Roald,M,1960,582
Tormod,M,1960,579
Andreas,M,1960,569
Arnfinn,M,1960,564
Cato,M,1960,560
Torstein,M,1960,560
Oddbjørn,M,1960,551
Yngve,M,1960,548
Henrik,M,1960,545
Bengt,M,1960,539
Krzysztof,M,1960,534
Audun,M,1960,523
Sigurd,M,1960,518
Michael,M,1960,512
Bjarte,M,1960,507
Dagfinn,M,1960,507
Sten,M,1960,499
Jo,M,1960,495
Carl,M,1960,489
Marek,M,1960,486
Raymond,M,1960,474
Are,M,1960,473
Ali,M,1960,461
Even,M,1960,461
Richard,M,1960,456
Asle,M,1960,455
Truls,M,1960,454
David,M,1960,452
Dariusz,M,1960,433
Magnar,M,1960,426
Piotr,M,1960,417
Vegard,M,1960,416
Johannes,M,1960,410
Børge,M,1960,407
Birger,M,1960,406
Willy,M,1960,403
Halvor,M,1960,401
Sigbjørn,M,1960,398
Gjermund,M,1960,394
Ingar,M,1960,384
Erlend,M,1960,383
Sveinung,M,1960,381
Jarl,M,1960,380
Zbigniew,M,1960,376
Mohamed,M,1960,375
Jim,M,1960,365
Jacek,M,1960,364
Freddy,M,1960,358
Sigmund,M,1960,358
Hugo,M,1960,356
Harry,M,1960,349
Fredrik,M,1960,340
Ørjan,M,1960,337
Børre,M,1960,331
Ronald,M,1960,328
Gisle,M,1960,321
Viggo,M,1960,319
Kent,M,1960,318
Olaf,M,1960,318
Arnstein,M,1960,310
Hallgeir,M,1960,308
Paal,M,1960,304
Asgeir,M,1960,303
Ahmed,M,1960,299
Ken,M,1960,296
Endre,M,1960,290
Ernst,M,1960,288
Gaute,M,1960,288
Dan,M,1960,287
Svenn,M,1960,287
Kim,M,1960,283
Thore,M,1960,275
Idar,M,1960,274
Jaroslaw,M,1960,274
Mohammed,M,1960,273
Miroslaw,M,1960,271
Georg,M,1960,262
Jan-Erik,M,1960,262
Magnus,M,1960,260
Adam,M,1960,253
Stian,M,1960,250
Torfinn,M,1960,250
Snorre,M,1960,249
Svend,M,1960,248
Slawomir,M,1960,247
Stanislaw,M,1960,247
Grzegorz,M,1960,246
Ottar,M,1960,246
Otto,M,1960,244
Peder,M,1960,241
Sjur,M,1960,236
Joar,M,1960,234
Thorbjørn,M,1960,233
Janusz,M,1960,228
Karsten,M,1960,227
Ivan,M,1960,222
Jose,M,1960,222
Tony,M,1960,222
Daniel,M,1960,218
Jerzy,M,1960,212
Mariusz,M,1960,207
Åsmund,M,1960,207
Øistein,M,1960,207
Stefan,M,1960,206
Tomasz,M,1960,206
Ingvar,M,1960,202
Halvard,M,1960,200
Jack,M,1960,200
Wieslaw,M,1960,200
Hassan,M,1960,199
Kjartan,M,1960,198
Alexander,M,1960,189
Haakon,M,1960,189
Wojciech,M,1960,186
Oddgeir,M,1960,184
Leiv,M,1960,183
Henry,M,1960,182
Sigve,M,1960,178
Eric,M,1960,177
Werner,M,1960,177
Oddmund,M,1960,175
Sindre,M,1960,175
Marius,M,1960,174
Klaus,M,1960,172
Roman,M,1960,171
Torleif,M,1960,171
Jozef,M,1960,170
Tomas,M,1960,169
Ryszard,M,1960,168
Aage,M,1960,167
Aksel,M,1960,166
Waldemar,M,1960,166
Jakob,M,1960,164
Erland,M,1960,163
Kyrre,M,1960,161
Mads,M,1960,160
Hallvard,M,1960,159
Abdul,M,1960,158
Yngvar,M,1960,157
Gøran,M,1960,156
Kay,M,1960,154
Carsten,M,1960,153
Jone,M,1960,153
Christopher,M,1960,152
Edgar,M,1960,152
Guttorm,M,1960,152
Leszek,M,1960,152
Mark,M,1960,152
Simon,M,1960,152
Andrew,M,1960,150
Mats,M,1960,150
Baard,M,1960,149
Victor,M,1960,145
Steffen,M,1960,144
Bo,M,1960,143
Robin,M,1960,143
Kolbjørn,M,1960,142
William,M,1960,141
Pawel,M,1960,140
Niels,M,1960,139
Charles,M,1960,137
Claus,M,1960,137
Tron,M,1960,136
Aslak,M,1960,133
Ahmad,M,1960,132
Allan,M,1960,132
Simen,M,1960,132
Kristen,M,1960,131
Alfred,M,1960,130
Arthur,M,1960,130
Ibrahim,M,1960,130
Mustafa,M,1960,130
Anton,M,1960,129
Artur,M,1960,129
Jøran,M,1960,129
Omar,M,1960,129
Tadeusz,M,1960,125
Said,M,1960,124
Jonas,M,1960,121
Sturla,M,1960,120
Axel,M,1960,119
Bogdan,M,1960,118
Tonny,M,1960,118
Marian,M,1960,117
Edvin,M,1960,116
Hamid,M,1960,116
Viktor,M,1960,116
Wiggo,M,1960,116
Agnar,M,1960,115
Gudmund,M,1960,115
James,M,1960,114
Rene,M,1960,114
Stephen,M,1960,114
Christer,M,1960,113
Gard,M,1960,113
Muhammad,M,1960,113
Njål,M,1960,112
Sture,M,1960,112
Tord,M,1960,111
Edward,M,1960,110
Eldar,M,1960,110
Carlos,M,1960,109
Luis,M,1960,109
Emil,M,1960,108
Henryk,M,1960,108
Thorleif,M,1960,108
Torkel,M,1960,108
Kazimierz,M,1960,107
Abdi,M,1960,105
Amund,M,1960,105
Torgrim,M,1960,105
Ben,M,1960,103
Karstein,M,1960,102
Steven,M,1960,102
Brede,M,1960,101
Kaj,M,1960,101
Albert,M,1960,99
Khalid,M,1960,99
Lennart,M,1960,98
Mohamad,M,1960,98
Amir,M,1960,97
Esben,M,1960,97
Oskar,M,1960,97
Preben,M,1960,97
Toralf,M,1960,97
Gorm,M,1960,96
Gustav,M,1960,96
Jahn,M,1960,96
Jørund,M,1960,95
Walter,M,1960,95
Flemming,M,1960,93
Brynjar,M,1960,92
Mehmet,M,1960,92
Per-Arne,M,1960,92
Edvard,M,1960,91
Osman,M,1960,90
Rino,M,1960,90
Steve,M,1960,90
Søren,M,1960,90
Vegar,M,1960,90
Arnulf,M,1960,88
Brian,M,1960,88
Jacob,M,1960,88
Ørnulf,M,1960,88
Hogne,M,1960,85
Iver,M,1960,84
Juan,M,1960,84
Jørg,M,1960,84
Mikael,M,1960,84
Trym,M,1960,84
Boguslaw,M,1960,81
Edmund,M,1960,81
Remi,M,1960,81
Hans-Petter,M,1960,80
Samir,M,1960,80
Thanh,M,1960,80
Arunas,M,1960,79
Elling,M,1960,79
Herman,M,1960,79
Arnold,M,1960,77
Ireneusz,M,1960,77
Jann,M,1960,77
Fritz,M,1960,76
Hasan,M,1960,76
Ian,M,1960,76
Kristoffer,M,1960,76
Heine,M,1960,75
Ingvald,M,1960,75
Jimmy,M,1960,75
Joseph,M,1960,75
Zoran,M,1960,75
Vladimir,M,1960,74
George,M,1960,73
Gintaras,M,1960,73
Holger,M,1960,73
Antonio,M,1960,72
Patrick,M,1960,72
Abdullahi,M,1960,71
Alan,M,1960,71
Mario,M,1960,71
Rolv,M,1960,71
Arturas,M,1960,70
Khaled,M,1960,70
Tage,M,1960,70
Tim,M,1960,70
Hussein,M,1960,69
Anthony,M,1960,68
Gerhard,M,1960,68
Ingve,M,1960,68
Ismail,M,1960,67
Samuel,M,1960,67
Ragnvald,M,1960,66
Bjørge,M,1960,65
Eskil,M,1960,65
Igor,M,1960,65
Jean,M,1960,65
Kaare,M,1960,65
Mahmoud,M,1960,65
Narve,M,1960,65
Bernhard,M,1960,64
Gjert,M,1960,63
Kevin,M,1960,63
Arvydas,M,1960,62
Thorstein,M,1960,62
Jamal,M,1960,61
Oddvin,M,1960,61
Torger,M,1960,61
Van,M,1960,61
Eyvind,M,1960,60
Marco,M,1960,60
Vebjørn,M,1960,60
Alex,M,1960,59
Bjørn-Erik,M,1960,59
Leon,M,1960,59
Manuel,M,1960,59
Rolandas,M,1960,59
Svein-Erik,M,1960,59
Eystein,M,1960,58
Philip,M,1960,58
Jomar,M,1960,57
Tor-Arne,M,1960,57
Eigil,M,1960,56
Jorge,M,1960,56
Kestutis,M,1960,56
Reza,M,1960,56
Stephan,M,1960,56
Torleiv,M,1960,56
Vytautas,M,1960,56
Ruben,M,1960,55
Eilif,M,1960,54
Francisco,M,1960,54
Hjalmar,M,1960,54
Lars-Erik,M,1960,54
Maciej,M,1960,54
Mikkel,M,1960,54
Minh,M,1960,54
Rainer,M,1960,54
Saulius,M,1960,54
Widar,M,1960,54
Adrian,M,1960,53
Gabriel,M,1960,53
Morgan,M,1960,53
Oscar,M,1960,53
Rudi,M,1960,53
Abdirahman,M,1960,52
Arkadiusz,M,1960,52
Torkil,M,1960,52
Adnan,M,1960,51
Dennis,M,1960,51
Hallstein,M,1960,51
Jesper,M,1960,51
Kato,M,1960,51
Ådne,M,1960,51
Abdullah,M,1960,50
Roland,M,1960,50
Farhad,M,1960,49
Ingolf,M,1960,49
Rasmus,M,1960,49
Rudolf,M,1960,49
Eddie,M,1960,48
Hermod,M,1960,46
Konrad,M,1960,46
Markus,M,1960,46
Tarjei,M,1960,46
Wilhelm,M,1960,46
Claes,M,1960,45
Hermann,M,1960,45
Håvar,M,1960,45
Skjalg,M,1960,44
Torben,M,1960,44
Kennet,M,1960,43
Per-Erik,M,1960,43
Matthias,M,1960,42
Alv,M,1960,41
Sivert,M,1960,41
Gert,M,1960,40
Josef,M,1960,40
Aleksander,M,1960,39
Goran,M,1960,39
Malvin,M,1960,39
Milan,M,1960,39
Bertil,M,1960,38
Brynjulf,M,1960,38
Constantin,M,1960,38
Villy,M,1960,38
Yusuf,M,1960,38
Dragan,M,1960,37
Ahmet,M,1960,36
Ingmar,M,1960,36
Isak,M,1960,36
Karim,M,1960,36
Marcus,M,1960,36
Robertas,M,1960,36
Torkild,M,1960,36
Bror,M,1960,35
Ingebrigt,M,1960,35
Ludvig,M,1960,35
Mathias,M,1960,35
Roberto,M,1960,35
Audrius,M,1960,34
Gudbrand,M,1960,34
Hilmar,M,1960,34
Max,M,1960,34
Rikard,M,1960,34
Haldor,M,1960,33
Jonathan,M,1960,33
Timothy,M,1960,33
Mike,M,1960,32
Syed,M,1960,32
Abdulkadir,M,1960,31
Eskild,M,1960,31
Michal,M,1960,31
Nicolai,M,1960,31
Ted,M,1960,31
Jonn,M,1960,30
Sylwester,M,1960,30
Abbas,M,1960,29
Darius,M,1960,29
Joachim,M,1960,29
Mehdi,M,1960,29
Thorvald,M,1960,29
Abraham,M,1960,28
Georgios,M,1960,28
Mahamed,M,1960,28
Miguel,M,1960,28
Mikal,M,1960,28
Ronnie,M,1960,28
Vemund,M,1960,28
Chris,M,1960,27
Christen,M,1960,27
Miroslav,M,1960,27
Ole-Petter,M,1960,27
Torodd,M,1960,27
Eilert,M,1960,26
Haavard,M,1960,26
Sam,M,1960,26
Tom-Erik,M,1960,26
Asmund,M,1960,25
Fridtjof,M,1960,25
Marvin,M,1960,25
Nicholas,M,1960,25
Oddleif,M,1960,25
Ricardo,M,1960,25
Sølve,M,1960,25
Andris,M,1960,24
Egidijus,M,1960,24
Fernando,M,1960,24
Francis,M,1960,24
Khalil,M,1960,24
Seyed,M,1960,24
Solomon,M,1960,24
Glen,M,1960,23
Halfdan,M,1960,23
Kamal,M,1960,23
Marcel,M,1960,23
Nikolai,M,1960,23
Annar,M,1960,22
Benny,M,1960,22
Marc,M,1960,22
Mons,M,1960,22
Nikolay,M,1960,22
Ole-Martin,M,1960,22
Pedro,M,1960,22
Edin,M,1960,21
Joao,M,1960,21
Norvald,M,1960,21
Normann,M,1960,20
Valentin,M,1960,20
Alejandro,M,1960,19
Linas,M,1960,19
Mostafa,M,1960,19
Odin,M,1960,19
Sami,M,1960,19
Sigvald,M,1960,19
Salah,M,1960,18
Sondre,M,1960,18
Tor-Erik,M,1960,18
Ari,M,1960,17
Elias,M,1960,17
Krister,M,1960,17
Olve,M,1960,17
Patrik,M,1960,17
Sean,M,1960,17
Aleksandar,M,1960,16
Amanuel,M,1960,16
Leo,M,1960,16
Matthew,M,1960,16
Ole-Kristian,M,1960,16
Adel,M,1960,15
Aleksandr,M,1960,15
Ansgar,M,1960,15
Antoni,M,1960,15
Johann,M,1960,15
Levi,M,1960,15
Marko,M,1960,15
Rafael,M,1960,15
Ramunas,M,1960,15
Benjamin,M,1960,14
Colin,M,1960,14
Dainius,M,1960,14
Frits,M,1960,14
Mika,M,1960,14
Scott,M,1960,14
Sigfred,M,1960,14
Aasmund,M,1960,13
Cristian,M,1960,13
Edwin,M,1960,13
Evald,M,1960,13
Osvald,M,1960,13
Adil,M,1960,12
Aleksandrs,M,1960,12
Brage,M,1960,12
Joakim,M,1960,12
Oliver,M,1960,12
Sebastian,M,1960,12
Torvald,M,1960,12
Didrik,M,1960,11
Janis,M,1960,11
Karol,M,1960,11
Przemyslaw,M,1960,11
Rafal,M,1960,11
Andres,M,1960,10
Bendik,M,1960,10
Bernard,M,1960,10
Julian,M,1960,10
Lorentz,M,1960,10
Tarald,M,1960,10
Vilhelm,M,1960,10
Esten,M,1960,9
Frederik,M,1960,9
Leonard,M,1960,9
Walid,M,1960,9
Amer,M,1960,8
Borgar,M,1960,8
Boris,M,1960,8
Bruno,M,1960,8
Emmanuel,M,1960,8
Filip,M,1960,8
Isa,M,1960,8
Jason,M,1960,8
Mahad,M,1960,8
Saleh,M,1960,8
Sigvart,M,1960,8
Marcin,M,1960,7
Ole-Christian,M,1960,7
Christoffer,M,1960,6
Helmer,M,1960,6
Leonardo,M,1960,6
Mahdi,M,1960,6
Pavel,M,1960,6
Toni,M,1960,6
Youssef,M,1960,6
Amin,M,1960,5
Ammar,M,1960,5
Anwar,M,1960,5
Danny,M,1960,5
Dejan,M,1960,5
Franciszek,M,1960,5
Gunvald,M,1960,5
Imre,M,1960,5
Joel,M,1960,5
Julius,M,1960,5
Malik,M,1960,5
Milos,M,1960,5
Nikola,M,1960,5
Olivier,M,1960,5
Radoslaw,M,1960,5
Samson,M,1960,5
Tobias,M,1960,5
Ulrik,M,1960,5
Vincent,M,1960,5
Yonas,M,1960,5
Abdulrahman,M,1960,4
Adem,M,1960,4
Alexandru,M,1960,4
Andrei,M,1960,4
Andrej,M,1960,4
Armin,M,1960,4
Bilal,M,1960,4
Damian,M,1960,4
Dawit,M,1960,4
Emir,M,1960,4
Frithjof,M,1960,4
Hussain,M,1960,4
Idris,M,1960,4
Justin,M,1960,4
Mindaugas,M,1960,4
Nicolas,M,1960,4
Niklas,M,1960,4
Ole-Jørgen,M,1960,4
Omer,M,1960,4
Sander,M,1960,4
Tønnes,M,1960,4
Vaidas,M,1960,4
Yasin,M,1960,4
Yosef,M,1960,4
Anne,F,1970,7808
Linda,F,1970,6189
Hege,F,1970,6025
Monica,F,1970,5899
Hilde,F,1970,5174
Marianne,F,1970,4900
Nina,F,1970,4888
Anita,F,1970,4665
Kristin,F,1970,4573
Heidi,F,1970,4358
Elin,F,1970,4180
Elisabeth,F,1970,4033
Tone,F,1970,3959
Lene,F,1970,3578
Camilla,F,1970,3491
Hanne,F,1970,3475
Line,F,1970,3308
Mona,F,1970,3283
Ann,F,1970,3044
Trine,F,1970,2877
Bente,F,1970,2790
Cecilie,F,1970,2644
Marit,F,1970,2570
Siv,F,1970,2525
Maria,F,1970,2438
Inger,F,1970,2366
Janne,F,1970,2347
Vibeke,F,1970,2223
Anette,F,1970,2187
Lena,F,1970,2171
Eva,F,1970,2147
Kari,F,1970,2117
Cathrine,F,1970,2110
Laila,F,1970,2110
Kjersti,F,1970,2074
Gro,F,1970,1989
Mette,F,1970,1949
Trude,F,1970,1898
Wenche,F,1970,1895
Anna,F,1970,1882
Silje,F,1970,1873
Ellen,F,1970,1835
Siri,F,1970,1819
Tove,F,1970,1792
Ingrid,F,1970,1781
Liv,F,1970,1780
Therese,F,1970,1693
Gry,F,1970,1678
Merete,F,1970,1629
Lise,F,1970,1628
Beate,F,1970,1544
Stine,F,1970,1524
Gunn,F,1970,1522
Kristine,F,1970,1520
May,F,1970,1498
Rita,F,1970,1489
Randi,F,1970,1480
Sissel,F,1970,1439
Monika,F,1970,1432
Irene,F,1970,1425
Linn,F,1970,1356
Ingunn,F,1970,1352
Tonje,F,1970,1308
Renate,F,1970,1279
Ragnhild,F,1970,1240
Ingvild,F,1970,1211
Aina,F,1970,1178
Christine,F,1970,1109
Solveig,F,1970,1080
Astrid,F,1970,1075
Anja,F,1970,1064
Katrine,F,1970,1056
Berit,F,1970,1051
Jeanette,F,1970,1047
Kathrine,F,1970,1017
Helene,F,1970,1000
Mari,F,1970,983
Lisbeth,F,1970,958
Annette,F,1970,918
Karianne,F,1970,914
Marte,F,1970,908
Tina,F,1970,904
Marita,F,1970,893
Veronica,F,1970,888
Karin,F,1970,878
Åse,F,1970,862
Britt,F,1970,850
Merethe,F,1970,835
Jorunn,F,1970,834
Charlotte,F,1970,832
Lill,F,1970,828
Eli,F,1970,821
Mariann,F,1970,803
Ida,F,1970,797
Siw,F,1970,787
Lillian,F,1970,772
Grethe,F,1970,769
Grete,F,1970,759
Unni,F,1970,756
Jannicke,F,1970,734
Christina,F,1970,732
Marie,F,1970,727
Tanja,F,1970,709
Ann-Kristin,F,1970,674
Birgitte,F,1970,673
Kirsti,F,1970,663
Agnieszka,F,1970,638
Guro,F,1970,638
Synnøve,F,1970,638
Pia,F,1970,631
Sonja,F,1970,630
Turid,F,1970,628
Torill,F,1970,623
Henriette,F,1970,594
Torunn,F,1970,593
Yvonne,F,1970,590
Karen,F,1970,586
Sølvi,F,1970,585
Susanne,F,1970,572
Kristina,F,1970,568
Karina,F,1970,561
Bodil,F,1970,552
Jane,F,1970,537
Helen,F,1970,531
Lisa,F,1970,513
Vivian,F,1970,505
Kine,F,1970,497
Vigdis,F,1970,483
Carina,F,1970,481
Toril,F,1970,479
Sandra,F,1970,478
Ingeborg,F,1970,477
Reidun,F,1970,476
Hildegunn,F,1970,469
Marthe,F,1970,467
Olga,F,1970,461
Ruth,F,1970,459
Margrethe,F,1970,456
Katarzyna,F,1970,454
Åshild,F,1970,454
Bjørg,F,1970,453
Julie,F,1970,450
Sigrid,F,1970,438
Eirin,F,1970,434
Aud,F,1970,433
June,F,1970,430
Gunhild,F,1970,427
Solfrid,F,1970,427
Tine,F,1970,427
Ane,F,1970,421
Sara,F,1970,418
Anniken,F,1970,417
Elena,F,1970,417
Veronika,F,1970,403
Ina,F,1970,402
Else,F,1970,391
Kirsten,F,1970,380
Evy,F,1970,374
Malin,F,1970,372
Brit,F,1970,370
Barbro,F,1970,358
Joanna,F,1970,356
Natalia,F,1970,349
Birgit,F,1970,346
Signe,F,1970,345
Caroline,F,1970,337
Malgorzata,F,1970,336
Helle,F,1970,334
Magdalena,F,1970,332
Christin,F,1970,327
Lina,F,1970,320
Inga,F,1970,315
Jenny,F,1970,315
Gøril,F,1970,314
Irina,F,1970,310
Lin,F,1970,310
Stina,F,1970,304
Ewa,F,1970,302
Ingvill,F,1970,298
Vanja,F,1970,292
Beata,F,1970,288
Thi,F,1970,282
Helga,F,1970,280
Sylvia,F,1970,278
Guri,F,1970,275
Mary,F,1970,273
Elise,F,1970,269
Renata,F,1970,269
Frøydis,F,1970,268
Gerd,F,1970,268
May-Britt,F,1970,268
Maren,F,1970,267
Marta,F,1970,262
Hanna,F,1970,261
Iren,F,1970,261
Miriam,F,1970,261
Diana,F,1970,259
Ana,F,1970,256
Marina,F,1970,246
Benedicte,F,1970,245
Kate,F,1970,241
Svetlana,F,1970,241
Rikke,F,1970,238
Anett,F,1970,235
Gina,F,1970,235
Kari-Anne,F,1970,231
Jill,F,1970,230
Julia,F,1970,228
Beathe,F,1970,226
Barbara,F,1970,225
Janicke,F,1970,225
Elizabeth,F,1970,223
Iwona,F,1970,220
Siren,F,1970,220
Vera,F,1970,217
Terese,F,1970,216
Gunnhild,F,1970,215
Jolanta,F,1970,215
Dorota,F,1970,214
Jannike,F,1970,210
Pernille,F,1970,209
Mai,F,1970,208
Karoline,F,1970,206
Brita,F,1970,204
Lone,F,1970,204
Sylwia,F,1970,204
Fatima,F,1970,203
Claudia,F,1970,202
Unn,F,1970,200
Sigrun,F,1970,198
Rannveig,F,1970,196
Nancy,F,1970,195
Andrea,F,1970,194
Ingebjørg,F,1970,194
Gitte,F,1970,193
Evelyn,F,1970,192
Synne,F,1970,192
Anne-Lise,F,1970,191
Nora,F,1970,191
Benedikte,F,1970,190
Elisabet,F,1970,190
Nadia,F,1970,189
Aneta,F,1970,188
Vibecke,F,1970,188
Annika,F,1970,186
Tatiana,F,1970,184
Torhild,F,1970,184
Christel,F,1970,182
Maja,F,1970,181
Sarah,F,1970,181
Karine,F,1970,179
Marion,F,1970,178
Susan,F,1970,177
Jorun,F,1970,176
Rigmor,F,1970,176
Birthe,F,1970,175
Thea,F,1970,175
Ine,F,1970,174
Aleksandra,F,1970,173
Johanne,F,1970,172
Kaja,F,1970,170
Alexandra,F,1970,169
Margrete,F,1970,168
Martha,F,1970,166
Connie,F,1970,165
Inger-Lise,F,1970,165
Susann,F,1970,165
Victoria,F,1970,165
Daniela,F,1970,164
Olaug,F,1970,164
Svanhild,F,1970,162
Gudrun,F,1970,161
Jennifer,F,1970,160
Laura,F,1970,160
Ann-Christin,F,1970,159
Silvia,F,1970,159
Sunniva,F,1970,158
Catherine,F,1970,155
Maiken,F,1970,155
Alice,F,1970,154
Kim,F,1970,154
Jelena,F,1970,153
Katja,F,1970,152
Live,F,1970,152
Ann-Helen,F,1970,150
Iris,F,1970,150
Rachel,F,1970,150
Katrin,F,1970,149
Belinda,F,1970,148
Vivi,F,1970,148
Katharina,F,1970,147
Margareth,F,1970,147
Mia,F,1970,147
Birte,F,1970,146
Kamilla,F,1970,146
Katarina,F,1970,146
Ranveig,F,1970,146
Amina,F,1970,145
Cecilia,F,1970,145
Marian,F,1970,145
Ingjerd,F,1970,144
Justyna,F,1970,144
Silja,F,1970,144
Magnhild,F,1970,143
Edel,F,1970,142
Leila,F,1970,142
Edyta,F,1970,140
Johanna,F,1970,139
Rakel,F,1970,139
Michelle,F,1970,138
Izabela,F,1970,136
Cathrin,F,1970,134
Sylvi,F,1970,133
Aase,F,1970,132
Helena,F,1970,132
Astri,F,1970,131
Jessica,F,1970,131
Patricia,F,1970,131
Emma,F,1970,130
Maryam,F,1970,130
Kjerstin,F,1970,129
Liss,F,1970,129
Lotte,F,1970,129
Åsa,F,1970,129
Hedda,F,1970,128
Mirjam,F,1970,128
Oksana,F,1970,128
Arnhild,F,1970,126
Sidsel,F,1970,125
Tatjana,F,1970,125
Agnes,F,1970,124
Janniche,F,1970,124
Agnete,F,1970,123
Veslemøy,F,1970,123
Elzbieta,F,1970,122
Gjertrud,F,1970,122
Rebecca,F,1970,122
Aslaug,F,1970,121
Marzena,F,1970,120
Erika,F,1970,119
Oddrun,F,1970,119
Daiva,F,1970,117
Lisbet,F,1970,117
Rasa,F,1970,117
Louise,F,1970,116
Sofia,F,1970,116
Catrine,F,1970,115
Edita,F,1970,114
Dina,F,1970,113
Gunvor,F,1970,113
Ingun,F,1970,113
Oddny,F,1970,113
Eileen,F,1970,112
Adriana,F,1970,111
Judith,F,1970,111
Eline,F,1970,110
Jurgita,F,1970,110
Cristina,F,1970,109
Elsa,F,1970,109
Ellinor,F,1970,108
Angela,F,1970,107
Janet,F,1970,107
Margit,F,1970,105
Anne-Grethe,F,1970,104
Nicole,F,1970,104
Frida,F,1970,103
Runa,F,1970,102
Ann-Karin,F,1970,101
Samira,F,1970,101
Annie,F,1970,100
Margaret,F,1970,100
Jorid,F,1970,99
Teresa,F,1970,99
Agata,F,1970,98
Borghild,F,1970,98
Esther,F,1970,98
Mina,F,1970,98
Asta,F,1970,97
Petra,F,1970,97
Anneli,F,1970,96
Renathe,F,1970,95
Bettina,F,1970,94
Thuy,F,1970,94
Margunn,F,1970,92
Alina,F,1970,91
Anne-Lene,F,1970,91
Audhild,F,1970,91
Cicilie,F,1970,91
Senait,F,1970,91
Catharina,F,1970,90
Fatma,F,1970,90
Kathrin,F,1970,90
Jana,F,1970,89
Venke,F,1970,89
Zahra,F,1970,89
Agnethe,F,1970,88
Aida,F,1970,88
Anne-Mette,F,1970,88
Alma,F,1970,87
Ilona,F,1970,87
Sonia,F,1970,87
Gabriela,F,1970,86
Isabel,F,1970,86
Martine,F,1970,85
Vilma,F,1970,84
Ann-Mari,F,1970,83
Amal,F,1970,82
Ester,F,1970,82
Fadumo,F,1970,82
Paula,F,1970,82
Tanya,F,1970,82
Ylva,F,1970,82
Åsne,F,1970,82
Mariana,F,1970,81
Oddveig,F,1970,81
Rebekka,F,1970,81
Carmen,F,1970,80
Olena,F,1970,80
Solbjørg,F,1970,79
Irena,F,1970,78
Målfrid,F,1970,78
Ngoc,F,1970,78
Renee,F,1970,78
Wanja,F,1970,78
Ekaterina,F,1970,77
Norunn,F,1970,77
Edith,F,1970,76
Kerstin,F,1970,76
Khadija,F,1970,76
Ragna,F,1970,75
Torild,F,1970,75
Ailin,F,1970,74
Trine-Lise,F,1970,74
Phuong,F,1970,73
Saima,F,1970,73
Thale,F,1970,73
Dagny,F,1970,72
Thanh,F,1970,72
Valentina,F,1970,72
Angelica,F,1970,71
Mariam,F,1970,71
Regina,F,1970,71
Solgunn,F,1970,71
Anne-Marie,F,1970,70
Lilly,F,1970,70
Violeta,F,1970,70
Hedvig,F,1970,69
Rose,F,1970,69
Wendy,F,1970,69
Beatrice,F,1970,68
Grace,F,1970,68
Karolina,F,1970,68
Maj,F,1970,66
Selma,F,1970,66
Ayse,F,1970,65
Bozena,F,1970,65
Saba,F,1970,65
Simone,F,1970,65
Bianca,F,1970,64
Jeanett,F,1970,64
Kristi,F,1970,64
Rosa,F,1970,64
Marija,F,1970,63
Rønnaug,F,1970,63
Sabine,F,1970,63
Sahra,F,1970,63
Carolina,F,1970,62
Ingrida,F,1970,62
Isabelle,F,1970,62
Ramona,F,1970,62
Solrun,F,1970,62
Ulla,F,1970,62
Ingelin,F,1970,61
Tale,F,1970,61
Anne-Britt,F,1970,59
Ausra,F,1970,59
Celine,F,1970,59
Herdis,F,1970,59
Jamila,F,1970,59
Kristel,F,1970,59
May-Liss,F,1970,59
Melanie,F,1970,59
Sanja,F,1970,59
Sofie,F,1970,59
Thu,F,1970,59
Torun,F,1970,59
Anine,F,1970,58
Cesilie,F,1970,58
Isabell,F,1970,58
Jacqueline,F,1970,58
Dorthe,F,1970,57
Elen,F,1970,56
Ivana,F,1970,56
Lidia,F,1970,56
Tuva,F,1970,56
Erna,F,1970,55
Iselin,F,1970,55
My,F,1970,55
Larisa,F,1970,54
Ma,F,1970,54
Martina,F,1970,54
Sheila,F,1970,54
Hong,F,1970,53
Ingvil,F,1970,53
Liz,F,1970,53
Nanna,F,1970,53
Tora,F,1970,53
Eilen,F,1970,52
Hanan,F,1970,52
Hatice,F,1970,52
Idun,F,1970,52
Julianne,F,1970,52
Kathe,F,1970,52
Melinda,F,1970,52
Sadia,F,1970,52
Vanessa,F,1970,52
Åslaug,F,1970,52
Eldbjørg,F,1970,51
Ewelina,F,1970,51
Ruta,F,1970,51
Irmelin,F,1970,50
Klara,F,1970,50
Mari-Ann,F,1970,50
Maryan,F,1970,50
Maya,F,1970,50
Viktoria,F,1970,50
Wenke,F,1970,50
Hjørdis,F,1970,49
Iryna,F,1970,49
Janita,F,1970,49
Marlen,F,1970,49
Vaida,F,1970,49
Brynhild,F,1970,48
Josephine,F,1970,48
Peggy,F,1970,48
Rut,F,1970,48
Siril,F,1970,48
Synøve,F,1970,48
Tamara,F,1970,48
Kamila,F,1970,47
Kinga,F,1970,47
Lindis,F,1970,47
Marielle,F,1970,47
Stephanie,F,1970,47
Una,F,1970,47
Carla,F,1970,46
Ingerid,F,1970,46
Theresa,F,1970,46
Anne-Grete,F,1970,45
Carine,F,1970,45
Dagrun,F,1970,45
Mathilde,F,1970,45
Milena,F,1970,45
Oddbjørg,F,1970,45
Suzanne,F,1970,45
Alicja,F,1970,44
Fatemeh,F,1970,44
Galina,F,1970,44
Katherine,F,1970,44
Muna,F,1970,44
Naima,F,1970,44
Yngvild,F,1970,44
Annbjørg,F,1970,43
Anne-Berit,F,1970,43
Halima,F,1970,43
Natalie,F,1970,43
Susanna,F,1970,43
Anny,F,1970,42
Elvira,F,1970,42
Emilia,F,1970,42
Kaia,F,1970,42
Leyla,F,1970,42
Nadja,F,1970,42
Rahel,F,1970,42
Turi,F,1970,42
Anne-Marit,F,1970,41
Greta,F,1970,41
Kathinka,F,1970,41
Melissa,F,1970,41
Nathalie,F,1970,41
Sophie,F,1970,41
Torbjørg,F,1970,41
Ada,F,1970,40
Cornelia,F,1970,40
Dalia,F,1970,40
Harriet,F,1970,40
Regine,F,1970,40
Urszula,F,1970,40
Angelika,F,1970,39
Elisa,F,1970,39
Magni,F,1970,39
Rina,F,1970,39
Solvor,F,1970,39
Azra,F,1970,38
Edle,F,1970,38
Egle,F,1970,38
Emine,F,1970,38
Erica,F,1970,38
Jasmina,F,1970,38
Shirin,F,1970,38
Amy,F,1970,37
Hana,F,1970,37
Cindy,F,1970,36
Haldis,F,1970,36
Madeleine,F,1970,36
Sabina,F,1970,36
Sharon,F,1970,36
Liliana,F,1970,35
Aisha,F,1970,34
Kitty,F,1970,34
Rana,F,1970,34
Tordis,F,1970,34
Torgunn,F,1970,34
Åsta,F,1970,34
Bushra,F,1970,33
Ella,F,1970,33
Fride,F,1970,33
Gine,F,1970,33
Amira,F,1970,32
Eden,F,1970,32
Katinka,F,1970,32
Liza,F,1970,32
Møyfrid,F,1970,32
Aileen,F,1970,31
Asma,F,1970,31
Birgitta,F,1970,31
Inghild,F,1970,31
Irma,F,1970,31
Lilian,F,1970,31
Nadine,F,1970,31
Paulina,F,1970,31
Iman,F,1970,30
Adele,F,1970,29
Anne-Karin,F,1970,29
Anne-Sofie,F,1970,29
Asha,F,1970,29
Grazyna,F,1970,29
Ines,F,1970,29
Inger-Marie,F,1970,29
Jennie,F,1970,29
Jofrid,F,1970,29
Lydia,F,1970,29
Simona,F,1970,29
Zainab,F,1970,29
Amanda,F,1970,28
Danuta,F,1970,28
Desiree,F,1970,28
Gloria,F,1970,28
Ieva,F,1970,28
Leni,F,1970,28
Malika,F,1970,28
Michaela,F,1970,28
Rania,F,1970,28
Dana,F,1970,27
Henny,F,1970,27
Inger-Johanne,F,1970,27
Ingfrid,F,1970,27
Mai-Britt,F,1970,27
Margarita,F,1970,27
Mildrid,F,1970,27
Safia,F,1970,27
Christiane,F,1970,26
Hild,F,1970,26
Mali,F,1970,26
Ragne,F,1970,26
Sahar,F,1970,26
Tiril,F,1970,26
Anne-Kristin,F,1970,25
Doris,F,1970,25
Gabrielle,F,1970,25
Hilda,F,1970,25
Anastasia,F,1970,24
Eldrid,F,1970,24
Gun,F,1970,24
Gyda,F,1970,24
Kjellaug,F,1970,24
Marlene,F,1970,24
Nelly,F,1970,24
Viola,F,1970,24
Yasmin,F,1970,24
Alisa,F,1970,23
Natasha,F,1970,23
Patrycja,F,1970,23
Tara,F,1970,23
Valborg,F,1970,23
Agathe,F,1970,22
Benthe,F,1970,22
Reidunn,F,1970,22
Stella,F,1970,22
Bergljot,F,1970,21
Elina,F,1970,21
Juliana,F,1970,21
Mary-Ann,F,1970,21
Dominika,F,1970,20
Kelly,F,1970,20
Signy,F,1970,20
Vilde,F,1970,20
Asbjørg,F,1970,19
Betty,F,1970,19
Eivor,F,1970,19
Snefrid,F,1970,19
Annlaug,F,1970,18
Eliza,F,1970,18
Fanny,F,1970,18
Farah,F,1970,18
Hannah,F,1970,18
Joan,F,1970,18
Andrine,F,1970,17
Dagmar,F,1970,17
Sigrunn,F,1970,17
Solvår,F,1970,17
Ayan,F,1970,16
Lovise,F,1970,16
Malene,F,1970,16
Mira,F,1970,16
Selam,F,1970,16
Deborah,F,1970,15
Isabella,F,1970,15
Nada,F,1970,15
Ragni,F,1970,15
Une,F,1970,15
Angelina,F,1970,14
Annelise,F,1970,14
Emilie,F,1970,14
Gunnvor,F,1970,14
Lucia,F,1970,14
Sabrina,F,1970,14
Valeria,F,1970,14
Emily,F,1970,13
Kaisa,F,1970,13
Zeinab,F,1970,13
Borgny,F,1970,12
Clara,F,1970,12
Eirill,F,1970,12
Evelina,F,1970,12
Ingri,F,1970,12
Sanna,F,1970,12
Tea,F,1970,12
Thora,F,1970,12
Vida,F,1970,12
Anne-Kari,F,1970,11
Olivia,F,1970,11
Rabia,F,1970,11
Alicia,F,1970,10
Antonia,F,1970,10
Celia,F,1970,10
Eilin,F,1970,10
Frid,F,1970,10
Gunnlaug,F,1970,10
Kjellrun,F,1970,10
Lucy,F,1970,10
Oddlaug,F,1970,10
Pauline,F,1970,10
Aline,F,1970,9
Alise,F,1970,9
Celina,F,1970,9
Edna,F,1970,9
Elna,F,1970,9
Hodan,F,1970,9
Judit,F,1970,9
Krystyna,F,1970,9
Lara,F,1970,9
Lea,F,1970,9
Maud,F,1970,9
Rahma,F,1970,9
Ulrikke,F,1970,9
Venche,F,1970,9
Audny,F,1970,8
Elinor,F,1970,8
Emina,F,1970,8
Fiona,F,1970,8
Fredrikke,F,1970,8
Gabriella,F,1970,8
Gerda,F,1970,8
Juliane,F,1970,8
Oda,F,1970,8
Sigfrid,F,1970,8
Naomi,F,1970,7
Amna,F,1970,6
Elsie,F,1970,6
Hulda,F,1970,6
Idunn,F,1970,6
Mie,F,1970,6
Nour,F,1970,6
Sol,F,1970,6
Anni,F,1970,5
Betina,F,1970,5
Edit,F,1970,5
Eira,F,1970,5
Else-Marie,F,1970,5
Gabriele,F,1970,5
Huda,F,1970,5
Jenni,F,1970,5
Kajsa,F,1970,5
Katrina,F,1970,5
Lajla,F,1970,5
Lilli,F,1970,5
Maia,F,1970,5
Margot,F,1970,5
Maylen,F,1970,5
Norma,F,1970,5
Salma,F,1970,5
Sina,F,1970,5
Viktorija,F,1970,5
Alette,F,1970,4
Alfhild,F,1970,4
Amalie,F,1970,4
Amelia,F,1970,4
Anlaug,F,1970,4
Anne-Mari,F,1970,4
Daria,F,1970,4
Edda,F,1970,4
Erle,F,1970,4
Gintare,F,1970,4
Gudny,F,1970,4
Gudveig,F,1970,4
Gunnbjørg,F,1970,4
Halldis,F,1970,4
Hamdi,F,1970,4
Herborg,F,1970,4
Jasmin,F,1970,4
Josefine,F,1970,4
Kjellfrid,F,1970,4
Kristiane,F,1970,4
Leikny,F,1970,4
Lilja,F,1970,4
Linnea,F,1970,4
Liva,F,1970,4
Livia,F,1970,4
Magda,F,1970,4
Magny,F,1970,4
Mariell,F,1970,4
Samantha,F,1970,4
Sana,F,1970,4
Sanne,F,1970,4
Siham,F,1970,4
Tilla,F,1970,4
Zofia,F,1970,4
Jan,M,1970,7429
Thomas,M,1970,6557
Lars,M,1970,6025
Rune,M,1970,5928
Bjørn,M,1970,5670
Morten,M,1970,5585
Geir,M,1970,5418
Frode,M,1970,4858
Ole,M,1970,4561
Trond,M,1970,4385
Per,M,1970,4318
Espen,M,1970,4135
Kjetil,M,1970,3719
Anders,M,1970,3610
Stian,M,1970,3574
Tor,M,1970,3477
Tommy,M,1970,3456
Tom,M,1970,3403
Terje,M,1970,3397
Kenneth,M,1970,3369
Øyvind,M,1970,3238
Knut,M,1970,3165
Ronny,M,1970,3135
Svein,M,1970,3031
Hans,M,1970,2999
Stig,M,1970,2983
Christian,M,1970,2974
Erik,M,1970,2899
Roger,M,1970,2766
Jon,M,1970,2698
John,M,1970,2678
Robert,M,1970,2661
Pål,M,1970,2646
Øystein,M,1970,2565
Kjell,M,1970,2536
Tore,M,1970,2494
Frank,M,1970,2397
Vidar,M,1970,2301
Odd,M,1970,1962
Kristian,M,1970,1956
Håvard,M,1970,1893
Arne,M,1970,1889
Dag,M,1970,1827
Kim,M,1970,1812
Roy,M,1970,1778
Andreas,M,1970,1751
Nils,M,1970,1735
Martin,M,1970,1733
Eirik,M,1970,1732
Jørn,M,1970,1651
Arild,M,1970,1649
Marius,M,1970,1631
Stein,M,1970,1570
Andre,M,1970,1529
Steinar,M,1970,1465
Helge,M,1970,1450
Petter,M,1970,1441
Jørgen,M,1970,1432
Henning,M,1970,1422
Fredrik,M,1970,1421
Leif,M,1970,1375
Harald,M,1970,1339
Atle,M,1970,1337
Daniel,M,1970,1336
Jarle,M,1970,1311
Roar,M,1970,1310
Glenn,M,1970,1291
Eivind,M,1970,1232
Tomasz,M,1970,1202
Ståle,M,1970,1188
Kai,M,1970,1172
Vegard,M,1970,1163
Håkon,M,1970,1140
Rolf,M,1970,1134
Piotr,M,1970,1132
Raymond,M,1970,1096
Krzysztof,M,1970,1086
Olav,M,1970,1084
Bård,M,1970,1069
Henrik,M,1970,1047
Gunnar,M,1970,1046
Karl,M,1970,1034
Ørjan,M,1970,1029
Lasse,M,1970,1025
Torbjørn,M,1970,1011
Jens,M,1970,994
Einar,M,1970,981
Magne,M,1970,980
Jostein,M,1970,959
Ove,M,1970,946
Erlend,M,1970,937
Alexander,M,1970,935
Thor,M,1970,931
Bjørnar,M,1970,916
Richard,M,1970,914
David,M,1970,874
Magnus,M,1970,872
Kent,M,1970,865
Johnny,M,1970,857
Ola,M,1970,856
Alf,M,1970,826
Cato,M,1970,823
Mariusz,M,1970,812
Johan,M,1970,805
Ivar,M,1970,799
Inge,M,1970,789
Grzegorz,M,1970,781
Marcin,M,1970,779
Pawel,M,1970,761
Arve,M,1970,751
Tomas,M,1970,746
Michael,M,1970,735
Peter,M,1970,735
Sven,M,1970,723
Kurt,M,1970,720
Paul,M,1970,715
Audun,M,1970,713
Egil,M,1970,705
Bjarte,M,1970,700
Sverre,M,1970,695
Torgeir,M,1970,693
Runar,M,1970,685
Ketil,M,1970,663
Dariusz,M,1970,661
Are,M,1970,655
Yngve,M,1970,649
Christer,M,1970,637
Andrzej,M,1970,624
Carl,M,1970,617
Marek,M,1970,617
Adam,M,1970,615
Rafal,M,1970,613
Børge,M,1970,609
Arnt,M,1970,606
Bernt,M,1970,568
Kåre,M,1970,562
Jo,M,1970,543
Dan,M,1970,537
Mohammad,M,1970,534
Asbjørn,M,1970,530
Bent,M,1970,530
Jacek,M,1970,528
Artur,M,1970,525
Jonny,M,1970,522
Ali,M,1970,519
Finn,M,1970,519
Endre,M,1970,511
Ken,M,1970,501
Torstein,M,1970,498
Even,M,1970,496
Jonas,M,1970,495
Truls,M,1970,495
Erling,M,1970,494
Trygve,M,1970,488
Bjarne,M,1970,465
Stefan,M,1970,464
Sigurd,M,1970,461
Joachim,M,1970,452
Vegar,M,1970,450
Jaroslaw,M,1970,439
Asle,M,1970,438
Mads,M,1970,438
Jim,M,1970,436
Mohamed,M,1970,433
Slawomir,M,1970,426
Øivind,M,1970,425
Reidar,M,1970,421
Sindre,M,1970,420
Tormod,M,1970,415
Mats,M,1970,413
Sten,M,1970,409
Bengt,M,1970,407
Gaute,M,1970,403
Sebastian,M,1970,400
Joakim,M,1970,394
Tony,M,1970,390
Wojciech,M,1970,390
Simen,M,1970,385
Sveinung,M,1970,385
Ahmed,M,1970,382
Freddy,M,1970,373
Steffen,M,1970,373
Kjartan,M,1970,372
Gisle,M,1970,370
Åge,M,1970,370
Remi,M,1970,368
Gøran,M,1970,360
Ivan,M,1970,355
Christopher,M,1970,352
Kristoffer,M,1970,351
Mohammed,M,1970,351
Arvid,M,1970,348
Johannes,M,1970,348
Oddbjørn,M,1970,341
Ragnar,M,1970,340
Simon,M,1970,337
Michal,M,1970,336
Sigbjørn,M,1970,318
Robin,M,1970,315
Ulf,M,1970,315
Halvor,M,1970,313
Maciej,M,1970,303
Zbigniew,M,1970,301
Miroslaw,M,1970,294
Arkadiusz,M,1970,293
Ingar,M,1970,292
Oddvar,M,1970,292
Preben,M,1970,280
Darius,M,1970,276
Sondre,M,1970,269
Roald,M,1970,265
Aleksander,M,1970,264
Åsmund,M,1970,262
Gjermund,M,1970,259
Kyrre,M,1970,259
Børre,M,1970,252
Sigmund,M,1970,252
Fred,M,1970,248
Dagfinn,M,1970,247
Joar,M,1970,245
Muhammad,M,1970,245
Asgeir,M,1970,242
Jose,M,1970,240
Amund,M,1970,239
Ahmad,M,1970,237
Kay,M,1970,237
Haakon,M,1970,235
Arnfinn,M,1970,234
Paal,M,1970,232
Peder,M,1970,232
Roman,M,1970,232
Tord,M,1970,230
Snorre,M,1970,228
Svenn,M,1970,226
Ruben,M,1970,224
Viggo,M,1970,223
Hugo,M,1970,221
Mikael,M,1970,221
Magnar,M,1970,219
Janusz,M,1970,217
Przemyslaw,M,1970,217
Georg,M,1970,209
Gard,M,1970,208
Rene,M,1970,207
Hassan,M,1970,204
Emil,M,1970,203
Radoslaw,M,1970,203
Christoffer,M,1970,200
Jarl,M,1970,200
Ibrahim,M,1970,196
Kevin,M,1970,192
Omar,M,1970,192
Sjur,M,1970,192
Idar,M,1970,186
Karsten,M,1970,186
Arnstein,M,1970,185
Jone,M,1970,184
James,M,1970,183
Waldemar,M,1970,183
Jan-Erik,M,1970,182
Eric,M,1970,181
Mindaugas,M,1970,181
Juan,M,1970,180
Ernst,M,1970,179
Mustafa,M,1970,179
Jimmy,M,1970,177
Markus,M,1970,176
Klaus,M,1970,175
Saulius,M,1970,174
Birger,M,1970,173
Hallvard,M,1970,172
Benjamin,M,1970,171
Thorbjørn,M,1970,171
Sigve,M,1970,170
Adrian,M,1970,169
Mark,M,1970,169
Allan,M,1970,168
Lukasz,M,1970,168
Jøran,M,1970,167
Patrick,M,1970,167
Jakob,M,1970,166
Mohamad,M,1970,166
Hallgeir,M,1970,164
Chris,M,1970,162
Morgan,M,1970,161
Andrew,M,1970,157
Aslak,M,1970,157
Oddgeir,M,1970,157
Tarjei,M,1970,156
Aksel,M,1970,155
Jacob,M,1970,154
Ronald,M,1970,154
Claus,M,1970,152
Arunas,M,1970,150
William,M,1970,147
Torgrim,M,1970,145
Mathias,M,1970,143
Stanislaw,M,1970,143
Victor,M,1970,143
Vebjørn,M,1970,142
Willy,M,1970,142
Marco,M,1970,141
Sturla,M,1970,141
Amir,M,1970,140
Carsten,M,1970,140
Carlos,M,1970,139
Eskil,M,1970,139
Benny,M,1970,138
Werner,M,1970,138
Tim,M,1970,137
Brede,M,1970,136
Erland,M,1970,136
Marcus,M,1970,136
Said,M,1970,136
Lars-Erik,M,1970,135
Leszek,M,1970,135
Marian,M,1970,135
Torfinn,M,1970,134
Bo,M,1970,133
Mehmet,M,1970,133
Torben,M,1970,133
Halvard,M,1970,132
Ingvar,M,1970,132
Steve,M,1970,131
Egidijus,M,1970,130
Nicolai,M,1970,130
Olaf,M,1970,130
Vladimir,M,1970,130
Dainius,M,1970,129
Axel,M,1970,128
Igor,M,1970,128
Samir,M,1970,128
Thore,M,1970,128
Abdul,M,1970,127
Ben,M,1970,127
Gabriel,M,1970,126
Samuel,M,1970,126
Lennart,M,1970,125
Edvard,M,1970,122
Nerijus,M,1970,121
Ryszard,M,1970,121
Håvar,M,1970,120
Ireneusz,M,1970,120
Mario,M,1970,120
Stephan,M,1970,120
Tobias,M,1970,120
Andrius,M,1970,119
Arturas,M,1970,119
Jozef,M,1970,119
Torkel,M,1970,119
Wieslaw,M,1970,119
Antonio,M,1970,118
Dennis,M,1970,118
Rikard,M,1970,118
Øistein,M,1970,118
Sylwester,M,1970,117
Esben,M,1970,116
Svend,M,1970,116
Abdi,M,1970,115
Brian,M,1970,115
Goran,M,1970,115
Heine,M,1970,114
Jesper,M,1970,114
Tron,M,1970,114
Mikkel,M,1970,113
Sølve,M,1970,113
Ronnie,M,1970,112
Rudi,M,1970,112
Tonny,M,1970,112
Bogdan,M,1970,111
Luis,M,1970,111
Konrad,M,1970,110
Giedrius,M,1970,109
Philip,M,1970,109
Rasmus,M,1970,109
Jahn,M,1970,108
Krister,M,1970,108
Alex,M,1970,107
Anton,M,1970,107
Brynjar,M,1970,107
Jørund,M,1970,107
Ramunas,M,1970,107
Rolandas,M,1970,107
Stephen,M,1970,106
Yngvar,M,1970,106
Vaidas,M,1970,105
Henry,M,1970,103
Otto,M,1970,103
Søren,M,1970,103
Hasan,M,1970,102
Hussein,M,1970,102
Tage,M,1970,102
Ottar,M,1970,101
Viktor,M,1970,101
Jerzy,M,1970,100
Njål,M,1970,100
Nicholas,M,1970,99
Steven,M,1970,98
Adnan,M,1970,97
Mahmoud,M,1970,97
Matthew,M,1970,97
Nikolai,M,1970,97
Norbert,M,1970,97
George,M,1970,96
Gustav,M,1970,96
Janis,M,1970,96
Torleif,M,1970,96
Leiv,M,1970,95
Edgar,M,1970,94
Edvin,M,1970,94
Khalid,M,1970,94
Linas,M,1970,94
Audrius,M,1970,93
Dejan,M,1970,93
Jonathan,M,1970,93
Aleksandar,M,1970,92
Cristian,M,1970,92
Ismail,M,1970,92
Jorge,M,1970,92
Kestutis,M,1970,92
Niels,M,1970,92
Gudmund,M,1970,91
Iver,M,1970,91
Oliver,M,1970,91
Gintaras,M,1970,90
Khaled,M,1970,90
Osman,M,1970,90
Charles,M,1970,89
Jack,M,1970,89
Milan,M,1970,89
Wiggo,M,1970,89
Albert,M,1970,88
Baard,M,1970,88
Hans-Petter,M,1970,87
Marko,M,1970,87
Alan,M,1970,86
Ted,M,1970,85
Damian,M,1970,84
Harry,M,1970,84
Joseph,M,1970,84
Mikal,M,1970,84
Bendik,M,1970,83
Bjørge,M,1970,83
Ian,M,1970,83
Jamal,M,1970,83
Denis,M,1970,82
Alfred,M,1970,81
Oskar,M,1970,81
Kolbjørn,M,1970,80
Kristen,M,1970,80
Rino,M,1970,80
Eldar,M,1970,79
Tor-Erik,M,1970,79
Flemming,M,1970,78
Ingve,M,1970,78
Karol,M,1970,78
Anthony,M,1970,77
Francisco,M,1970,77
Oscar,M,1970,77
Abdullah,M,1970,76
Herman,M,1970,76
Hogne,M,1970,76
Jean,M,1970,76
Pedro,M,1970,76
Jason,M,1970,74
Niklas,M,1970,74
Eystein,M,1970,73
Torkild,M,1970,73
Vemund,M,1970,73
Ahmet,M,1970,72
Guttorm,M,1970,72
Marcel,M,1970,71
Sami,M,1970,71
Thanh,M,1970,71
Vytautas,M,1970,71
Bartlomiej,M,1970,70
Edward,M,1970,70
Frederik,M,1970,70
Bartosz,M,1970,69
Imran,M,1970,69
Remy,M,1970,69
Tadeusz,M,1970,69
Claes,M,1970,68
Gorm,M,1970,68
Miguel,M,1970,68
Oddmund,M,1970,68
Eyvind,M,1970,67
Manuel,M,1970,67
Ole-Kristian,M,1970,67
Tom-Erik,M,1970,67
Tor-Arne,M,1970,67
Dragan,M,1970,66
Jakub,M,1970,66
Kato,M,1970,66
Roberto,M,1970,66
Syed,M,1970,66
Yonas,M,1970,65
Bjørn-Erik,M,1970,64
Boguslaw,M,1970,64
Glen,M,1970,64
Miroslav,M,1970,64
Robertas,M,1970,64
Thorleif,M,1970,64
Thorstein,M,1970,64
Zoran,M,1970,64
Abdirahman,M,1970,62
Abdullahi,M,1970,62
Agnar,M,1970,61
Sture,M,1970,61
Bernhard,M,1970,60
Rainer,M,1970,60
Trym,M,1970,60
Arthur,M,1970,59
Skjalg,M,1970,59
Solomon,M,1970,59
Dominik,M,1970,58
Gjert,M,1970,58
Matthias,M,1970,58
Svein-Erik,M,1970,58
Didrik,M,1970,57
Mattis,M,1970,57
Torkil,M,1970,57
Constantin,M,1970,55
Filip,M,1970,55
Reza,M,1970,55
Salah,M,1970,55
Torger,M,1970,55
Gert,M,1970,54
Kennet,M,1970,54
Leon,M,1970,54
Ole-Petter,M,1970,54
Pavel,M,1970,54
Aage,M,1970,53
Ole-Martin,M,1970,53
Patrik,M,1970,53
Yusuf,M,1970,53
Eigil,M,1970,52
Fernando,M,1970,52
Kaare,M,1970,52
Minh,M,1970,52
Scott,M,1970,52
Aleksandr,M,1970,51
Jann,M,1970,51
Kaj,M,1970,51
Max,M,1970,51
Aleksandrs,M,1970,50
Narve,M,1970,50
Rafael,M,1970,50
Ricardo,M,1970,50
Ådne,M,1970,50
Andrei,M,1970,49
Bertil,M,1970,49
Elias,M,1970,49
Jørg,M,1970,49
Kamal,M,1970,49
Kamil,M,1970,49
Per-Arne,M,1970,49
Wilhelm,M,1970,49
Andres,M,1970,48
Krystian,M,1970,48
Marc,M,1970,48
Brage,M,1970,47
Dawit,M,1970,47
Faisal,M,1970,47
Roland,M,1970,47
Andris,M,1970,46
Eskild,M,1970,46
Dawid,M,1970,45
Isak,M,1970,45
Ragnvald,M,1970,45
Boris,M,1970,44
Hamid,M,1970,44
Van,M,1970,44
Amanuel,M,1970,43
Andrej,M,1970,43
Elling,M,1970,43
Georgios,M,1970,42
Hubert,M,1970,42
Jardar,M,1970,42
Julian,M,1970,42
Ole-Christian,M,1970,42
Olve,M,1970,42
Sivert,M,1970,42
Timothy,M,1970,42
Walter,M,1970,42
Alejandro,M,1970,41
Edin,M,1970,41
Julius,M,1970,40
Kazimierz,M,1970,40
Steffan,M,1970,40
Ingvald,M,1970,39
Ivo,M,1970,39
Karstein,M,1970,39
Toni,M,1970,39
Borgar,M,1970,38
Donatas,M,1970,38
Fritz,M,1970,38
Gediminas,M,1970,38
Holger,M,1970,38
Mathis,M,1970,38
Nicolas,M,1970,38
Ulrik,M,1970,38
Amer,M,1970,37
Ari,M,1970,37
Christen,M,1970,37
Sam,M,1970,37
Szymon,M,1970,37
Emmanuel,M,1970,36
Evaldas,M,1970,36
Abbas,M,1970,35
Kasper,M,1970,35
Karim,M,1970,34
Torje,M,1970,34
Ørnulf,M,1970,34
Edwin,M,1970,33
Jomar,M,1970,33
Nicolay,M,1970,33
Ammar,M,1970,32
Ayman,M,1970,32
Colin,M,1970,32
Edmund,M,1970,32
Joel,M,1970,32
Josef,M,1970,32
Mike,M,1970,32
Ole-Jørgen,M,1970,32
Valentin,M,1970,32
Farhad,M,1970,31
Niclas,M,1970,31
Vincent,M,1970,31
Aasmund,M,1970,30
Eilif,M,1970,30
Joao,M,1970,30
Johann,M,1970,30
Rolv,M,1970,30
Abdulkadir,M,1970,29
Eddie,M,1970,29
Hallstein,M,1970,29
Sander,M,1970,29
Sean,M,1970,29
Tadas,M,1970,29
Mahamed,M,1970,28
Nikolay,M,1970,28
Toralf,M,1970,28
Vetle,M,1970,28
Yasin,M,1970,28
Amin,M,1970,27
Anwar,M,1970,27
Arvydas,M,1970,27
Bilal,M,1970,27
Fabian,M,1970,27
Torleiv,M,1970,27
Felix,M,1970,26
Ingebrigt,M,1970,26
Luca,M,1970,26
Mehdi,M,1970,26
Odin,M,1970,26
Abraham,M,1970,25
Aron,M,1970,25
Patryk,M,1970,25
Torodd,M,1970,25
Ingolf,M,1970,24
Leo,M,1970,24
Saleh,M,1970,24
Adel,M,1970,23
Adem,M,1970,23
Adil,M,1970,23
Arnold,M,1970,23
Bror,M,1970,23
Justin,M,1970,23
Nikola,M,1970,23
Henryk,M,1970,22
Walid,M,1970,22
Haavard,M,1970,20
Hjalmar,M,1970,20
Joacim,M,1970,20
Lukas,M,1970,20
Mantas,M,1970,20
Mateusz,M,1970,20
Ryan,M,1970,20
Francis,M,1970,19
Idris,M,1970,19
Mahdi,M,1970,19
Oddvin,M,1970,19
Per-Erik,M,1970,19
Rudolf,M,1970,19
Arnulf,M,1970,18
Isåc,M,1970,18
Mattias,M,1970,18
Casper,M,1970,17
Seyed,M,1970,17
Jeppe,M,1970,16
Leonardo,M,1970,16
Muhammed,M,1970,16
Youssef,M,1970,16
Alexandru,M,1970,15
Bernard,M,1970,15
Eilert,M,1970,15
Fridtjof,M,1970,15
Gerhard,M,1970,15
Malvin,M,1970,15
Hermann,M,1970,14
Thorvald,M,1970,14
Aurimas,M,1970,13
Danny,M,1970,13
Fredrick,M,1970,13
Levi,M,1970,13
Liban,M,1970,13
Malik,M,1970,13
Milos,M,1970,13
Rami,M,1970,13
Bruno,M,1970,12
Florian,M,1970,12
Hermod,M,1970,12
Olivier,M,1970,12
Omid,M,1970,12
Deividas,M,1970,11
Diego,M,1970,11
Haldor,M,1970,11
Amar,M,1970,10
Antoni,M,1970,10
Gudbrand,M,1970,10
Ingmar,M,1970,10
Lucas,M,1970,10
Mahad,M,1970,10
Widar,M,1970,10
Yosef,M,1970,10
Yousef,M,1970,10
Abel,M,1970,9
Alv,M,1970,9
Dani,M,1970,9
Hussain,M,1970,9
Isa,M,1970,9
Omer,M,1970,9
Phillip,M,1970,9
Samson,M,1970,9
Tarald,M,1970,9
Zakaria,M,1970,9
Aaron,M,1970,8
Hadi,M,1970,8
Khalil,M,1970,8
Martynas,M,1970,8
Mika,M,1970,8
Mons,M,1970,8
Emanuel,M,1970,7
Esten,M,1970,7
Imre,M,1970,7
Paulius,M,1970,7
Jonn,M,1970,6
Marvin,M,1970,6
Norvald,M,1970,6
Torjus,M,1970,6
Abdulrahman,M,1970,5
Alvin,M,1970,5
Ansgar,M,1970,5
Halfdan,M,1970,5
Jarand,M,1970,5
Joshua,M,1970,5
Lorentz,M,1970,5
Ludvig,M,1970,5
Mostafa,M,1970,5
Normann,M,1970,5
Theodor,M,1970,5
Abdallah,M,1970,4
Aram,M,1970,4
Asmund,M,1970,4
August,M,1970,4
Conrad,M,1970,4
Dominic,M,1970,4
Emir,M,1970,4
Frans,M,1970,4
Frithjof,M,1970,4
Hamza,M,1970,4
Haris,M,1970,4
Hilmar,M,1970,4
Jaran,M,1970,4
Karolis,M,1970,4
Kenny,M,1970,4
Kim-Andre,M,1970,4
Leonard,M,1970,4
Louis,M,1970,4
Martinus,M,1970,4
Matias,M,1970,4
Nicklas,M,1970,4
Oddleif,M,1970,4
Salman,M,1970,4
Severin,M,1970,4
Sigfred,M,1970,4
Sigvald,M,1970,4
Syver,M,1970,4
Tellef,M,1970,4
Teodor,M,1970,4
Vilhelm,M,1970,4
Silje,F,1980,5644
Camilla,F,1980,4436
Ida,F,1980,4377
Maria,F,1980,4312
Anne,F,1980,4288
Linn,F,1980,4024
Stine,F,1980,3973
Linda,F,1980,3795
Marianne,F,1980,3578
Anette,F,1980,3311
Hanne,F,1980,3281
Elisabeth,F,1980,3171
Kristin,F,1980,3109
Kristine,F,1980,3095
Nina,F,1980,3075
Lene,F,1980,3071
Ingrid,F,1980,2887
Anna,F,1980,2873
Line,F,1980,2744
Hilde,F,1980,2712
Mari,F,1980,2632
Monica,F,1980,2608
Cecilie,F,1980,2453
Hege,F,1980,2338
Heidi,F,1980,2263
Therese,F,1980,2218
Cathrine,F,1980,2134
Tonje,F,1980,2133
Marte,F,1980,2040
Christine,F,1980,2027
Helene,F,1980,1997
Trine,F,1980,1978
Elin,F,1980,1862
Ann,F,1980,1840
Marit,F,1980,1830
Marie,F,1980,1795
Kine,F,1980,1770
Jeanette,F,1980,1757
Tone,F,1980,1723
Siri,F,1980,1720
Tina,F,1980,1700
Anita,F,1980,1691
Charlotte,F,1980,1661
Lise,F,1980,1572
Marita,F,1980,1505
Veronica,F,1980,1500
Ingvild,F,1980,1483
Christina,F,1980,1470
Renate,F,1980,1458
Katrine,F,1980,1419
Caroline,F,1980,1418
Sandra,F,1980,1417
Julie,F,1980,1402
Lena,F,1980,1395
Marthe,F,1980,1383
Janne,F,1980,1379
Malin,F,1980,1374
Mona,F,1980,1311
Karoline,F,1980,1308
Kristina,F,1980,1289
Ragnhild,F,1980,1289
Sara,F,1980,1282
Kjersti,F,1980,1279
Inger,F,1980,1254
Susanne,F,1980,1203
Lisa,F,1980,1180
Maren,F,1980,1172
Monika,F,1980,1138
Siv,F,1980,1134
Ellen,F,1980,1096
Eva,F,1980,1085
Henriette,F,1980,1071
Kari,F,1980,1058
Carina,F,1980,1057
Kathrine,F,1980,1031
Anja,F,1980,965
Tine,F,1980,944
Guro,F,1980,941
Karina,F,1980,934
Ina,F,1980,923
Solveig,F,1980,903
Bente,F,1980,874
Katarzyna,F,1980,871
Ane,F,1980,864
May,F,1980,858
Mette,F,1980,858
Beate,F,1980,839
Elise,F,1980,835
Liv,F,1980,819
Vibeke,F,1980,809
Astrid,F,1980,802
Irene,F,1980,774
Agnieszka,F,1980,760
Aina,F,1980,760
Iselin,F,1980,744
Magdalena,F,1980,743
Trude,F,1980,742
Karen,F,1980,738
Ingunn,F,1980,735
Martine,F,1980,725
Merete,F,1980,720
Randi,F,1980,709
Benedicte,F,1980,707
Miriam,F,1980,693
Karianne,F,1980,686
Hanna,F,1980,664
Marta,F,1980,664
Mariann,F,1980,657
Andrea,F,1980,636
Rita,F,1980,608
Annette,F,1980,602
Sarah,F,1980,601
Pia,F,1980,598
Kaja,F,1980,597
Lina,F,1980,593
Jannicke,F,1980,590
Laila,F,1980,588
Thea,F,1980,587
Victoria,F,1980,585
Anniken,F,1980,565
Birgitte,F,1980,565
Jenny,F,1980,562
Joanna,F,1980,561
Sigrid,F,1980,560
Maja,F,1980,556
Yvonne,F,1980,549
Lillian,F,1980,548
June,F,1980,543
Eirin,F,1980,535
Gunn,F,1980,526
Natalia,F,1980,523
Ingeborg,F,1980,521
Inga,F,1980,506
Julia,F,1980,506
Gry,F,1980,502
Merethe,F,1980,499
Synnøve,F,1980,499
Karin,F,1980,495
Karolina,F,1980,485
Eli,F,1980,484
Olga,F,1980,481
Wenche,F,1980,480
Sunniva,F,1980,478
Berit,F,1980,472
Helen,F,1980,466
Aleksandra,F,1980,465
Mia,F,1980,464
Thi,F,1980,461
Laura,F,1980,450
Veronika,F,1980,450
Lisbeth,F,1980,448
Ana,F,1980,447
Sissel,F,1980,447
Tove,F,1980,447
Gro,F,1980,423
Madeleine,F,1980,423
Rebecca,F,1980,420
Diana,F,1980,413
Malgorzata,F,1980,413
Emma,F,1980,412
Elena,F,1980,411
Åse,F,1980,411
Kamilla,F,1980,402
Lill,F,1980,402
Åshild,F,1980,400
Alexandra,F,1980,391
Pernille,F,1980,390
Margrethe,F,1980,386
Rikke,F,1980,385
Eline,F,1980,384
Helle,F,1980,381
Jeanett,F,1980,379
Michelle,F,1980,378
Johanne,F,1980,370
Nora,F,1980,370
Marina,F,1980,369
Justyna,F,1980,355
Oda,F,1980,350
Ann-Kristin,F,1980,343
Maiken,F,1980,339
Stina,F,1980,338
Siw,F,1980,331
Mary,F,1980,329
Britt,F,1980,326
Torunn,F,1980,324
Gunhild,F,1980,323
Ine,F,1980,320
Malene,F,1980,317
Ewelina,F,1980,302
Gina,F,1980,301
Ruth,F,1980,301
Jorunn,F,1980,295
Marion,F,1980,295
Sylwia,F,1980,295
Sofie,F,1980,290
Fatima,F,1980,288
Signe,F,1980,287
Grete,F,1980,284
Kirsti,F,1980,282
Emilie,F,1980,277
Benedikte,F,1980,276
Johanna,F,1980,276
Marlene,F,1980,276
Nadia,F,1980,275
Paulina,F,1980,269
Torill,F,1980,267
Frida,F,1980,266
Jelena,F,1980,262
Erika,F,1980,260
Jane,F,1980,259
Ewa,F,1980,255
Hildegunn,F,1980,254
Barbara,F,1980,251
Synne,F,1980,242
Vivian,F,1980,241
Katarina,F,1980,239
Sølvi,F,1980,238
Helga,F,1980,237
Nathalie,F,1980,235
Helena,F,1980,234
Rebekka,F,1980,233
Kamila,F,1980,229
Agata,F,1980,228
Alina,F,1980,227
Karine,F,1980,227
Live,F,1980,225
Connie,F,1980,224
Mina,F,1980,224
Irina,F,1980,222
Jessica,F,1980,222
Bjørg,F,1980,219
Lone,F,1980,218
Natalie,F,1980,218
Tanja,F,1980,218
Terese,F,1980,218
Renata,F,1980,217
Alice,F,1980,215
Jennifer,F,1980,214
Sonja,F,1980,214
Else,F,1980,209
Iris,F,1980,209
Izabela,F,1980,208
Reidun,F,1980,208
Maryam,F,1980,207
Elizabeth,F,1980,206
Grethe,F,1980,205
Christin,F,1980,204
Turid,F,1980,202
Kirsten,F,1980,200
Vilde,F,1980,199
Solfrid,F,1980,198
Stephanie,F,1980,196
Isabel,F,1980,195
Isabell,F,1980,195
Bodil,F,1980,194
Dorota,F,1980,194
Ingebjørg,F,1980,193
Tuva,F,1980,191
Dina,F,1980,190
Hedda,F,1980,190
Amina,F,1980,189
Beata,F,1980,188
Lotte,F,1980,184
Simona,F,1980,184
Aneta,F,1980,183
Annika,F,1980,182
Martha,F,1980,182
Hannah,F,1980,181
Birgit,F,1980,180
Christel,F,1980,180
Daniela,F,1980,178
Jannike,F,1980,176
Louise,F,1980,173
Sofia,F,1980,173
Emilia,F,1980,170
Gunnhild,F,1980,170
Mai,F,1980,170
Iwona,F,1980,167
Vigdis,F,1980,167
Ingvill,F,1980,166
Gøril,F,1980,163
Jurgita,F,1980,161
Samira,F,1980,161
Catrine,F,1980,160
Claudia,F,1980,160
Evy,F,1980,160
Katharina,F,1980,160
Celine,F,1980,159
Melissa,F,1980,158
Zahra,F,1980,158
Ivana,F,1980,157
Patrycja,F,1980,157
Amanda,F,1980,156
Sigrun,F,1980,156
Toril,F,1980,156
Vanja,F,1980,155
Ekaterina,F,1980,154
Marija,F,1980,154
Unni,F,1980,154
Mariam,F,1980,153
Rannveig,F,1980,152
Frøydis,F,1980,151
Margrete,F,1980,151
Viktorija,F,1980,151
Rakel,F,1980,149
Ramona,F,1980,149
Tatiana,F,1980,149
Cristina,F,1980,147
Marielle,F,1980,146
Silvia,F,1980,145
Cecilia,F,1980,144
Egle,F,1980,144
Aisha,F,1980,143
Brita,F,1980,142
Marlen,F,1980,142
Evelyn,F,1980,141
Anne-Lise,F,1980,140
Rachel,F,1980,140
Vera,F,1980,139
Daria,F,1980,138
Kim,F,1980,137
Siren,F,1980,137
Svetlana,F,1980,137
Sylvia,F,1980,137
Ann-Helen,F,1980,136
Aud,F,1980,136
Anneli,F,1980,135
Gerd,F,1980,135
Guri,F,1980,135
Rasa,F,1980,135
Runa,F,1980,135
Brit,F,1980,133
Catherine,F,1980,133
Ieva,F,1980,133
Jana,F,1980,132
Ma,F,1980,132
Susann,F,1980,132
Elisabet,F,1980,131
Tora,F,1980,131
Jolanta,F,1980,130
Martina,F,1980,130
Agne,F,1980,129
Katrin,F,1980,129
Agnes,F,1980,128
Bettina,F,1980,128
Vanessa,F,1980,128
Mathilde,F,1980,127
Mirjam,F,1980,127
Barbro,F,1980,126
Oksana,F,1980,126
Mariell,F,1980,125
Kinga,F,1980,124
Kaia,F,1980,123
Nicole,F,1980,123
Renathe,F,1980,123
Sadia,F,1980,122
Adriana,F,1980,121
Dominika,F,1980,121
Edyta,F,1980,121
Iren,F,1980,121
Viktoria,F,1980,121
Angela,F,1980,120
Magnhild,F,1980,120
Beathe,F,1980,119
Nancy,F,1980,119
Patricia,F,1980,119
Aida,F,1980,118
Anastasia,F,1980,118
Anett,F,1980,118
Isabelle,F,1980,118
Marzena,F,1980,118
Yasmin,F,1980,118
Vaida,F,1980,117
Ilona,F,1980,116
Katja,F,1980,116
Birthe,F,1980,115
Ranveig,F,1980,115
Sabrina,F,1980,115
Suzanne,F,1980,115
Julianne,F,1980,114
Fadumo,F,1980,112
Sabina,F,1980,112
Selma,F,1980,112
Catharina,F,1980,111
Gintare,F,1980,111
Anine,F,1980,110
Emily,F,1980,110
Inger-Lise,F,1980,110
Ruta,F,1980,110
Tiril,F,1980,110
Melanie,F,1980,109
Eileen,F,1980,108
Milena,F,1980,108
Sanna,F,1980,108
Angelica,F,1980,106
Saba,F,1980,106
Sonia,F,1980,106
Fatma,F,1980,105
May-Britt,F,1980,105
Valentina,F,1980,105
Paula,F,1980,104
Susan,F,1980,104
Judith,F,1980,103
Astri,F,1980,102
Elisa,F,1980,102
Madelen,F,1980,102
Agnete,F,1980,100
Agnethe,F,1980,100
Asta,F,1980,100
Kate,F,1980,100
Olena,F,1980,100
Carolina,F,1980,99
Alma,F,1980,98
Amal,F,1980,97
Annie,F,1980,97
Birte,F,1980,97
Gabriela,F,1980,97
Kjerstin,F,1980,97
Maya,F,1980,97
Angelika,F,1980,96
Elsa,F,1980,96
Irma,F,1980,96
Margit,F,1980,95
Regine,F,1980,95
Muna,F,1980,94
Urszula,F,1980,94
Carine,F,1980,93
Esther,F,1980,93
Gudrun,F,1980,93
Leila,F,1980,93
Saima,F,1980,93
Senait,F,1980,93
Edita,F,1980,92
Elina,F,1980,92
Linnea,F,1980,92
Sophie,F,1980,92
Svanhild,F,1980,92
Asma,F,1980,91
Cindy,F,1980,91
Tatjana,F,1980,91
Ann-Mari,F,1980,90
Ingjerd,F,1980,90
Mariana,F,1980,90
Mira,F,1980,89
Sana,F,1980,89
Ada,F,1980,88
Ayan,F,1980,87
Desiree,F,1980,87
Katinka,F,1980,87
Åsa,F,1980,87
Elzbieta,F,1980,86
Unn,F,1980,86
Hana,F,1980,85
Ingelin,F,1980,85
Alicja,F,1980,84
Ausra,F,1980,84
Janicke,F,1980,84
Ingri,F,1980,83
Katherine,F,1980,83
Tanya,F,1980,83
Ulrikke,F,1980,83
Daiva,F,1980,82
Iryna,F,1980,82
Sanja,F,1980,82
Belinda,F,1980,81
Cathrin,F,1980,81
Aurora,F,1980,80
Bianca,F,1980,80
Gunvor,F,1980,80
Irmelin,F,1980,80
Jill,F,1980,80
Petra,F,1980,80
Ellinor,F,1980,79
Erica,F,1980,79
Kari-Anne,F,1980,79
Khadija,F,1980,79
Martyna,F,1980,79
Lea,F,1980,78
Rana,F,1980,78
Trine-Lise,F,1980,78
Gitte,F,1980,77
Ingrida,F,1980,77
Sahra,F,1980,77
Selam,F,1980,77
Amalie,F,1980,76
Iman,F,1980,76
Ronja,F,1980,76
Sahar,F,1980,76
Siril,F,1980,76
Tale,F,1980,76
Torhild,F,1980,76
Cicilie,F,1980,75
Hanan,F,1980,75
Eden,F,1980,74
Rose,F,1980,74
Tamara,F,1980,74
Gjertrud,F,1980,73
Irena,F,1980,73
Marian,F,1980,73
Maryan,F,1980,73
Renee,F,1980,73
Cesilie,F,1980,72
Nadine,F,1980,72
Yngvild,F,1980,72
Ingerid,F,1980,71
Isabella,F,1980,71
Nadja,F,1980,71
Ylva,F,1980,71
Zainab,F,1980,71
Vilma,F,1980,70
Carmen,F,1980,69
Åsne,F,1980,69
Evelina,F,1980,68
Emelie,F,1980,67
Hedvig,F,1980,67
Lydia,F,1980,67
Mie,F,1980,67
Sabine,F,1980,67
Edel,F,1980,66
Fanny,F,1980,66
Olaug,F,1980,66
Ragna,F,1980,66
Thuy,F,1980,66
Rahel,F,1980,65
Regina,F,1980,65
Susanna,F,1980,65
Hamdi,F,1980,64
Idun,F,1980,64
Kristiane,F,1980,64
Lilly,F,1980,64
Thale,F,1980,64
My,F,1980,63
Teresa,F,1980,63
Theresa,F,1980,63
Juliana,F,1980,62
Kathrin,F,1980,62
Liss,F,1980,62
Margarita,F,1980,62
Sheila,F,1980,62
Ailin,F,1980,61
Amy,F,1980,61
Arnhild,F,1980,61
Grace,F,1980,61
Janita,F,1980,61
Kristel,F,1980,61
Ngoc,F,1980,61
Veslemøy,F,1980,61
Jasmina,F,1980,60
Josefine,F,1980,60
Weronika,F,1980,60
Jorun,F,1980,59
Josephine,F,1980,59
Nour,F,1980,59
Salma,F,1980,59
Vibecke,F,1980,59
Anne-Marie,F,1980,58
Christiane,F,1980,58
Emine,F,1980,58
Fatemeh,F,1980,58
Fride,F,1980,58
Janet,F,1980,58
Kathinka,F,1980,58
Violeta,F,1980,58
Halima,F,1980,57
Ingvil,F,1980,57
Mariel,F,1980,57
Maylen,F,1980,57
Naima,F,1980,57
Rahma,F,1980,57
Aase,F,1980,56
Lucia,F,1980,56
Sidra,F,1980,56
Silja,F,1980,56
Bushra,F,1980,55
Juliane,F,1980,55
Rabia,F,1980,55
Tea,F,1980,55
Dana,F,1980,54
Farah,F,1980,54
Hong,F,1980,54
Klaudia,F,1980,54
Edith,F,1980,53
Shirin,F,1980,53
Borghild,F,1980,52
Ella,F,1980,52
Erle,F,1980,52
Jorid,F,1980,52
Liliana,F,1980,52
Rosa,F,1980,52
Amna,F,1980,51
Phuong,F,1980,51
Hodan,F,1980,50
Jacqueline,F,1980,50
Samantha,F,1980,50
Hatice,F,1980,49
Joan,F,1980,49
Kelly,F,1980,49
Nanna,F,1980,49
Natasha,F,1980,49
Vivi,F,1980,49
Wendy,F,1980,49
Ann-Christin,F,1980,48
Anne-Lene,F,1980,48
Elen,F,1980,48
Huda,F,1980,48
Idunn,F,1980,48
Kristi,F,1980,48
Leyla,F,1980,47
Aline,F,1980,46
Jasmin,F,1980,46
Margaret,F,1980,46
Tara,F,1980,46
Una,F,1980,46
Mali,F,1980,45
Noor,F,1980,45
Ayse,F,1980,44
Simone,F,1980,44
Stella,F,1980,44
Zeinab,F,1980,44
Aslaug,F,1980,43
Beatrice,F,1980,43
Betina,F,1980,43
Celina,F,1980,43
Greta,F,1980,43
Ines,F,1980,43
Lovise,F,1980,43
Margareth,F,1980,43
Michaela,F,1980,43
Solbjørg,F,1980,43
Aileen,F,1980,42
Hiba,F,1980,42
Liza,F,1980,42
Rina,F,1980,42
Sharon,F,1980,42
Thanh,F,1980,42
Cassandra,F,1980,41
Eilen,F,1980,41
Eivor,F,1980,41
Janniche,F,1980,41
Lidia,F,1980,41
Lisbet,F,1980,41
Magda,F,1980,40
Pauline,F,1980,40
Sophia,F,1980,40
Audhild,F,1980,39
Cornelia,F,1980,39
Elvira,F,1980,39
Fredrikke,F,1980,39
Liz,F,1980,39
Ann-Karin,F,1980,38
Kerstin,F,1980,38
Maj,F,1980,38
Sylvi,F,1980,38
Asha,F,1980,37
Carla,F,1980,37
Dagny,F,1980,37
Dorthe,F,1980,37
Klara,F,1980,37
Lindis,F,1980,37
Marwa,F,1980,37
Rebecka,F,1980,36
Thu,F,1980,36
Ulla,F,1980,36
Lana,F,1980,35
Melinda,F,1980,35
Siham,F,1980,35
Agathe,F,1980,34
Angelina,F,1980,34
Dalia,F,1980,34
Ester,F,1980,34
Gloria,F,1980,34
Katrina,F,1980,34
Leah,F,1980,34
Rania,F,1980,34
Maia,F,1980,33
Nicoline,F,1980,33
Oddrun,F,1980,33
May-Liss,F,1980,32
Alisa,F,1980,31
Erna,F,1980,31
Ragne,F,1980,31
Turi,F,1980,31
Amira,F,1980,30
Gabriella,F,1980,30
Nelly,F,1980,30
Rigmor,F,1980,30
Valeria,F,1980,30
Galina,F,1980,29
Jamila,F,1980,29
Madelene,F,1980,29
Margunn,F,1980,29
Annelise,F,1980,28
Eliza,F,1980,28
Henrikke,F,1980,28
Kajsa,F,1980,28
Målfrid,F,1980,28
Olivia,F,1980,28
Torun,F,1980,28
Jennie,F,1980,27
Alicia,F,1980,26
Lara,F,1980,26
Lin,F,1980,26
Melina,F,1980,26
Åsta,F,1980,26
Adele,F,1980,25
Elma,F,1980,25
Inger-Marie,F,1980,25
Miranda,F,1980,25
Wanja,F,1980,25
Annbjørg,F,1980,24
Anne-Mette,F,1980,24
Eilin,F,1980,24
Inghild,F,1980,24
Ingun,F,1980,24
Nada,F,1980,24
Sina,F,1980,24
Gabrielle,F,1980,23
Harriet,F,1980,23
Henny,F,1980,23
Maud,F,1980,23
Sigrunn,F,1980,23
Åslaug,F,1980,23
Anisa,F,1980,22
Anni,F,1980,22
Clara,F,1980,22
Gine,F,1980,22
Hala,F,1980,22
Leni,F,1980,22
Bozena,F,1980,21
Jenni,F,1980,21
Kaisa,F,1980,21
Ragni,F,1980,21
Sol,F,1980,21
Deborah,F,1980,20
Oddny,F,1980,20
Solrun,F,1980,20
Azra,F,1980,19
Brynhild,F,1980,19
Eldbjørg,F,1980,19
Emina,F,1980,19
Juni,F,1980,19
Rønnaug,F,1980,19
Synøve,F,1980,19
Vida,F,1980,19
Antonia,F,1980,18
Matilde,F,1980,18
Naomi,F,1980,18
Safia,F,1980,18
Magni,F,1980,17
Selina,F,1980,17
Solgunn,F,1980,17
Andrine,F,1980,16
Daniella,F,1980,16
Karla,F,1980,16
Solvor,F,1980,16
Anne-Grethe,F,1980,15
Eldrid,F,1980,15
Mille,F,1980,15
Norunn,F,1980,15
Alette,F,1980,14
Anne-Marit,F,1980,14
Betty,F,1980,14
Dagrun,F,1980,14
Edle,F,1980,14
Felicia,F,1980,14
Herdis,F,1980,14
Jasmine,F,1980,14
Kitty,F,1980,14
Kjellaug,F,1980,14
Lilian,F,1980,14
Une,F,1980,14
Larisa,F,1980,13
Marthine,F,1980,13
Ninni,F,1980,13
Serine,F,1980,13
Solvår,F,1980,13
Torild,F,1980,13
Venke,F,1980,13
Abigail,F,1980,12
Anne-Mari,F,1980,12
Annlaug,F,1980,12
Danuta,F,1980,12
Hilda,F,1980,12
Mari-Ann,F,1980,12
Mila,F,1980,12
Alise,F,1980,11
Anny,F,1980,11
Fiona,F,1980,11
Lotta,F,1980,11
Matilda,F,1980,11
Oddveig,F,1980,11
Rut,F,1980,11
Sidsel,F,1980,11
Anne-Grete,F,1980,10
Ingfrid,F,1980,10
Møyfrid,F,1980,10
Signy,F,1980,10
Thora,F,1980,10
Adelina,F,1980,9
Amalia,F,1980,9
Anne-Britt,F,1980,9
Eirill,F,1980,9
Haldis,F,1980,9
Iben,F,1980,9
Isa,F,1980,9
Lilli,F,1980,9
Liva,F,1980,9
Lucy,F,1980,9
Sanne,F,1980,9
Wenke,F,1980,9
Zuzanna,F,1980,9
Anne-Sofie,F,1980,8
Inger-Johanne,F,1980,8
Kornelia,F,1980,8
Margot,F,1980,8
Nikoline,F,1980,8
Zara,F,1980,8
Ågot,F,1980,8
Aya,F,1980,7
Dagmar,F,1980,7
Gerda,F,1980,7
Iqra,F,1980,7
Leonora,F,1980,7
Celia,F,1980,6
Eir,F,1980,6
Frid,F,1980,6
Hildur,F,1980,6
Livia,F,1980,6
Luna,F,1980,6
Serina,F,1980,6
Tordis,F,1980,6
Alvilde,F,1980,5
Anne-Kari,F,1980,5
Ariana,F,1980,5
Aylin,F,1980,5
Borgny,F,1980,5
Emmy,F,1980,5
Frøya,F,1980,5
Gyda,F,1980,5
Najma,F,1980,5
Saga,F,1980,5
Tilde,F,1980,5
Zoe,F,1980,5
Alfhild,F,1980,4
Amelia,F,1980,4
Amelie,F,1980,4
Anlaug,F,1980,4
Arna,F,1980,4
Doris,F,1980,4
Elida,F,1980,4
Elinor,F,1980,4
Else-Marie,F,1980,4
Gabriele,F,1980,4
Gunnbjørg,F,1980,4
Hafsa,F,1980,4
Hild,F,1980,4
Hjørdis,F,1980,4
Krystyna,F,1980,4
Magny,F,1980,4
Mai-Britt,F,1980,4
Malena,F,1980,4
Malika,F,1980,4
Mary-Ann,F,1980,4
Milla,F,1980,4
Oddbjørg,F,1980,4
Oline,F,1980,4
Tirill,F,1980,4
Torbjørg,F,1980,4
Torgunn,F,1980,4
Valborg,F,1980,4
Vilja,F,1980,4
Zofia,F,1980,4
Thomas,M,1980,7060
Stian,M,1980,5800
Lars,M,1980,5307
Anders,M,1980,5166
Andreas,M,1980,4909
Marius,M,1980,4677
Daniel,M,1980,4473
Morten,M,1980,4428
Ole,M,1980,4337
Christian,M,1980,4115
Martin,M,1980,4081
Espen,M,1980,4040
Jan,M,1980,3910
Kristian,M,1980,3716
Kim,M,1980,3586
Kenneth,M,1980,3154
Bjørn,M,1980,3106
Magnus,M,1980,3052
Fredrik,M,1980,3031
Eirik,M,1980,3002
Øyvind,M,1980,2958
Erik,M,1980,2957
Alexander,M,1980,2841
Per,M,1980,2451
Jon,M,1980,2386
Tor,M,1980,2372
Kjetil,M,1980,2352
Tommy,M,1980,2334
Kristoffer,M,1980,2190
Hans,M,1980,2186
Øystein,M,1980,2179
Rune,M,1980,2106
Jørgen,M,1980,2076
Henrik,M,1980,2068
Vegard,M,1980,2062
Tom,M,1980,2041
Andre,M,1980,1988
John,M,1980,1972
Jonas,M,1980,1919
Robert,M,1980,1897
Knut,M,1980,1826
Håvard,M,1980,1801
Trond,M,1980,1798
Geir,M,1980,1720
Eivind,M,1980,1705
Mats,M,1980,1694
Erlend,M,1980,1650
Petter,M,1980,1646
Aleksander,M,1980,1607
Pål,M,1980,1574
Joakim,M,1980,1546
Lukasz,M,1980,1468
Håkon,M,1980,1448
Sindre,M,1980,1400
Stig,M,1980,1384
Steffen,M,1980,1339
Christoffer,M,1980,1302
Terje,M,1980,1291
Marcin,M,1980,1284
Svein,M,1980,1257
Glenn,M,1980,1240
Michael,M,1980,1236
Tore,M,1980,1227
David,M,1980,1200
Simen,M,1980,1196
Frode,M,1980,1182
Tomasz,M,1980,1163
Lasse,M,1980,1144
Piotr,M,1980,1127
Christer,M,1980,1121
Pawel,M,1980,1116
Mads,M,1980,1109
Frank,M,1980,1108
Michal,M,1980,1085
Odd,M,1980,1083
Vidar,M,1980,1069
Tomas,M,1980,1064
Roger,M,1980,1055
Nils,M,1980,1049
Kjell,M,1980,1045
Karl,M,1980,1017
Christopher,M,1980,999
Ronny,M,1980,990
Arne,M,1980,987
Bjørnar,M,1980,985
Joachim,M,1980,980
Raymond,M,1980,977
Johan,M,1980,966
Ørjan,M,1980,965
Krzysztof,M,1980,963
Robin,M,1980,930
Dag,M,1980,922
Torbjørn,M,1980,895
Peter,M,1980,885
Ola,M,1980,866
Henning,M,1980,864
Olav,M,1980,858
Jørn,M,1980,848
Even,M,1980,844
Jens,M,1980,824
Simon,M,1980,801
Dan,M,1980,799
Roy,M,1980,797
Steinar,M,1980,771
Sebastian,M,1980,769
Richard,M,1980,760
Mohammad,M,1980,758
Kent,M,1980,749
Carl,M,1980,745
Adrian,M,1980,741
Einar,M,1980,736
Helge,M,1980,736
Mohamed,M,1980,732
Harald,M,1980,726
Leif,M,1980,719
Jostein,M,1980,714
Adam,M,1980,712
Ali,M,1980,708
Jarle,M,1980,702
Audun,M,1980,698
Sondre,M,1980,697
Grzegorz,M,1980,694
Stein,M,1980,692
Ahmed,M,1980,668
Kai,M,1980,657
Arild,M,1980,654
Thor,M,1980,650
Emil,M,1980,637
Cato,M,1980,628
Torstein,M,1980,628
Rafal,M,1980,627
Ruben,M,1980,615
Atle,M,1980,612
Stefan,M,1980,612
Rolf,M,1980,595
Patrick,M,1980,594
Bård,M,1980,569
Runar,M,1980,568
Mathias,M,1980,543
Paul,M,1980,534
Remi,M,1980,531
Torgeir,M,1980,523
Kamil,M,1980,522
Sverre,M,1980,518
Mohammed,M,1980,512
Benjamin,M,1980,500
Mariusz,M,1980,499
Roar,M,1980,499
Chris,M,1980,497
Magne,M,1980,496
Gunnar,M,1980,494
Truls,M,1980,494
Johannes,M,1980,493
Preben,M,1980,474
Ivar,M,1980,472
Alf,M,1980,468
Endre,M,1980,462
Muhammad,M,1980,462
Tony,M,1980,458
Ove,M,1980,456
Sven,M,1980,453
Mateusz,M,1980,451
Sigurd,M,1980,441
Mikael,M,1980,437
Vegar,M,1980,434
Ken,M,1980,431
Markus,M,1980,424
Ahmad,M,1980,422
Bjarte,M,1980,421
Maciej,M,1980,418
Marek,M,1980,410
Are,M,1980,406
Ståle,M,1980,404
Ivan,M,1980,401
Przemyslaw,M,1980,397
Artur,M,1980,393
Yngve,M,1980,388
Damian,M,1980,384
Asbjørn,M,1980,377
Wojciech,M,1980,377
Erling,M,1980,374
Jo,M,1980,374
Trygve,M,1980,374
Mindaugas,M,1980,373
Kevin,M,1980,372
Andrius,M,1980,367
Johnny,M,1980,365
Inge,M,1980,360
Nicolai,M,1980,358
Amund,M,1980,357
Jim,M,1980,356
Åsmund,M,1980,350
William,M,1980,348
Haakon,M,1980,331
Gaute,M,1980,330
Dariusz,M,1980,329
Halvor,M,1980,328
Jakub,M,1980,328
Dawid,M,1980,327
Egil,M,1980,320
Peder,M,1980,320
Omar,M,1980,309
Karol,M,1980,308
Tobias,M,1980,307
Andrzej,M,1980,303
Børge,M,1980,303
Marcus,M,1980,301
Hassan,M,1980,293
Jonathan,M,1980,290
Ibrahim,M,1980,283
Arnt,M,1980,282
Tim,M,1980,281
Tormod,M,1980,274
Mohamad,M,1980,272
Øivind,M,1980,269
Bernt,M,1980,267
Arkadiusz,M,1980,265
Bjarne,M,1980,264
Nikolai,M,1980,263
Jaroslaw,M,1980,260
Arve,M,1980,259
Bartosz,M,1980,255
Rene,M,1980,255
Sveinung,M,1980,249
Bartlomiej,M,1980,248
Finn,M,1980,247
Darius,M,1980,245
Mantas,M,1980,245
Philip,M,1980,244
Radoslaw,M,1980,244
Samuel,M,1980,243
Rasmus,M,1980,240
Joar,M,1980,236
Kay,M,1980,236
Gøran,M,1980,233
Kjartan,M,1980,233
Krister,M,1980,233
Victor,M,1980,233
Jacek,M,1980,231
Tord,M,1980,231
Donatas,M,1980,230
Slawomir,M,1980,228
Mustafa,M,1980,227
Eric,M,1980,224
Dennis,M,1980,223
Sigbjørn,M,1980,223
Kurt,M,1980,218
Jakob,M,1980,215
Mikkel,M,1980,213
Reidar,M,1980,213
Filip,M,1980,211
Oddbjørn,M,1980,211
Hallvard,M,1980,206
Ketil,M,1980,201
Janis,M,1980,199
Jonny,M,1980,199
Jøran,M,1980,198
Rudi,M,1980,197
Aksel,M,1980,196
James,M,1980,196
Kåre,M,1980,195
Konrad,M,1980,194
Niklas,M,1980,193
Jose,M,1980,192
Sigve,M,1980,192
Nerijus,M,1980,190
Jone,M,1980,188
Julian,M,1980,188
Ragnar,M,1980,188
Gjermund,M,1980,187
Eskil,M,1980,186
Jesper,M,1980,185
Roman,M,1980,185
Axel,M,1980,184
Stephan,M,1980,184
Adnan,M,1980,181
Gard,M,1980,181
Mark,M,1980,180
Asgeir,M,1980,179
Jacob,M,1980,179
Bendik,M,1980,177
Tadas,M,1980,176
Arturas,M,1980,173
Aurimas,M,1980,173
Viktor,M,1980,173
Sigmund,M,1980,171
Amir,M,1980,170
Asle,M,1980,170
Remy,M,1980,169
Bent,M,1980,168
Jarl,M,1980,168
Tarjei,M,1980,167
Jimmy,M,1980,166
Krystian,M,1980,166
Carlos,M,1980,165
Paulius,M,1980,163
Nicholas,M,1980,162
Abdi,M,1980,161
Vladimir,M,1980,161
Steven,M,1980,160
Anton,M,1980,159
Igor,M,1980,158
Hussein,M,1980,157
Sjur,M,1980,156
Snorre,M,1980,156
Georg,M,1980,155
Mahmoud,M,1980,154
Matthew,M,1980,152
Andrew,M,1980,151
Jan-Erik,M,1980,150
Åge,M,1980,149
Lars-Erik,M,1980,148
Ingar,M,1980,146
Kim-Andre,M,1980,146
Gabriel,M,1980,145
Juan,M,1980,145
Luis,M,1980,145
Bengt,M,1980,144
Said,M,1980,144
Ismail,M,1980,142
Gisle,M,1980,141
Karsten,M,1980,139
Ronnie,M,1980,139
Arvid,M,1980,138
Mario,M,1980,138
Vaidas,M,1980,138
Vytautas,M,1980,138
Abdul,M,1980,137
Andrei,M,1980,137
Dominik,M,1980,137
Abdirahman,M,1980,136
Arnstein,M,1980,136
Sten,M,1980,136
Szymon,M,1980,136
Aslak,M,1980,135
Birger,M,1980,135
Joacim,M,1980,135
Marco,M,1980,134
Nicolas,M,1980,133
Marko,M,1980,131
Jahn,M,1980,130
Oscar,M,1980,130
Oskar,M,1980,130
Audrius,M,1980,129
Thorbjørn,M,1980,129
Aleksandar,M,1980,128
Kyrre,M,1980,128
Patryk,M,1980,128
Alex,M,1980,126
Syed,M,1980,126
Denis,M,1980,125
Stephen,M,1980,125
Mikal,M,1980,123
Oddvar,M,1980,123
Halvard,M,1980,122
Roald,M,1980,122
Tom-Erik,M,1980,122
Abdullahi,M,1980,121
Deividas,M,1980,121
Frederik,M,1980,120
Joseph,M,1980,120
Khaled,M,1980,120
Hasan,M,1980,119
Cristian,M,1980,118
Gustav,M,1980,118
Kestutis,M,1980,118
Sivert,M,1980,118
Edvard,M,1980,117
Gediminas,M,1980,117
Patrik,M,1980,117
Osman,M,1980,116
Alan,M,1980,115
Egidijus,M,1980,115
Evaldas,M,1980,115
Giedrius,M,1980,115
Mehmet,M,1980,115
Ulf,M,1980,115
Alexandru,M,1980,114
Brede,M,1980,114
Fabian,M,1980,114
Bo,M,1980,113
Yonas,M,1980,113
Freddy,M,1980,112
Idar,M,1980,112
Kasper,M,1980,112
Magnar,M,1980,111
Allan,M,1980,110
Dagfinn,M,1980,110
Ramunas,M,1980,110
Svenn,M,1980,109
Ulrik,M,1980,109
Håvar,M,1980,107
Miroslaw,M,1980,107
Oliver,M,1980,107
Fred,M,1980,106
George,M,1980,106
Lennart,M,1980,106
Ole-Martin,M,1980,105
Didrik,M,1980,104
Elias,M,1980,104
Esben,M,1980,104
Linas,M,1980,104
Nikola,M,1980,104
Rikard,M,1980,104
Abdullah,M,1980,103
Brian,M,1980,103
Erland,M,1980,103
Paal,M,1980,103
Pedro,M,1980,103
Saulius,M,1980,103
Herman,M,1980,102
Manuel,M,1980,102
Albert,M,1980,101
Antonio,M,1980,101
Milan,M,1980,101
Samir,M,1980,101
Steffan,M,1980,101
Nicolay,M,1980,100
Sylwester,M,1980,100
Bogdan,M,1980,99
Usman,M,1980,98
Heine,M,1980,97
Milos,M,1980,97
Arnfinn,M,1980,96
Isak,M,1980,96
Pavel,M,1980,96
Hugo,M,1980,95
Arunas,M,1980,94
Imran,M,1980,94
Oddgeir,M,1980,94
Amanuel,M,1980,93
Dainius,M,1980,93
Iver,M,1980,93
Morgan,M,1980,93
Zbigniew,M,1980,92
Jack,M,1980,91
Jorge,M,1980,91
Khalid,M,1980,91
Tor-Erik,M,1980,91
Aron,M,1980,90
Charles,M,1980,90
Trym,M,1980,90
Niclas,M,1980,89
Abraham,M,1980,88
Karolis,M,1980,88
Ole-Kristian,M,1980,88
Andres,M,1980,86
Ben,M,1980,86
Bruno,M,1980,86
Jamal,M,1980,86
Ricardo,M,1980,86
Aleksandrs,M,1980,85
Faisal,M,1980,85
Goran,M,1980,85
Hallgeir,M,1980,85
Vebjørn,M,1980,85
Dani,M,1980,84
Marian,M,1980,84
Sturla,M,1980,84
Aleksandr,M,1980,83
Julius,M,1980,83
Martynas,M,1980,83
Vincent,M,1980,82
Anthony,M,1980,81
Ernst,M,1980,81
Njål,M,1980,81
Olaf,M,1980,81
Torje,M,1980,81
Matias,M,1980,80
Mattis,M,1980,80
Ole-Christian,M,1980,80
Edvin,M,1980,79
Robertas,M,1980,79
Brage,M,1980,78
Joel,M,1980,78
Lukas,M,1980,78
Ahmet,M,1980,77
Hubert,M,1980,77
Ryan,M,1980,77
Bernhard,M,1980,76
Jean,M,1980,76
Sølve,M,1980,76
Ian,M,1980,75
Janusz,M,1980,75
Max,M,1980,75
Dawit,M,1980,74
Henry,M,1980,74
Øistein,M,1980,74
Torfinn,M,1980,73
Yusuf,M,1980,73
Brynjar,M,1980,72
Marcel,M,1980,72
Edward,M,1980,71
Jørund,M,1980,71
Miroslav,M,1980,71
Bjørn-Erik,M,1980,70
Francisco,M,1980,70
Leon,M,1980,70
Odin,M,1980,70
Sam,M,1980,70
Joao,M,1980,69
Mattias,M,1980,69
Torjus,M,1980,69
Torkel,M,1980,69
Bilal,M,1980,68
Constantin,M,1980,68
Hamid,M,1980,68
Leiv,M,1980,68
Eskild,M,1980,67
Eyvind,M,1980,67
Ingvar,M,1980,67
Mahamed,M,1980,67
Reza,M,1980,67
Sander,M,1980,67
Matthias,M,1980,66
Mehdi,M,1980,66
Sean,M,1980,66
Dejan,M,1980,65
Sami,M,1980,65
Steve,M,1980,65
Walid,M,1980,65
Andris,M,1980,64
Emmanuel,M,1980,64
Niels,M,1980,64
Felix,M,1980,63
Leo,M,1980,63
Rolandas,M,1980,63
Viggo,M,1980,63
Yasin,M,1980,63
Arthur,M,1980,62
Ingve,M,1980,62
Svend,M,1980,62
Torgrim,M,1980,62
Arvydas,M,1980,61
Kennet,M,1980,61
Rafael,M,1980,61
Thanh,M,1980,61
Amin,M,1980,60
Waldemar,M,1980,60
Ammar,M,1980,59
Leszek,M,1980,59
Torleif,M,1980,59
Andrej,M,1980,58
Marc,M,1980,58
Vetle,M,1980,58
Nicklas,M,1980,57
Ottar,M,1980,57
Timothy,M,1980,57
Toni,M,1980,57
Wilhelm,M,1980,57
Gintaras,M,1980,56
Jozef,M,1980,56
Valentin,M,1980,56
Eystein,M,1980,55
Boris,M,1980,54
Jonatan,M,1980,54
Josef,M,1980,54
Karim,M,1980,54
Thorstein,M,1980,54
Diego,M,1980,53
Joshua,M,1980,53
Norbert,M,1980,53
Rami,M,1980,53
Solomon,M,1980,53
Stanislaw,M,1980,53
Tage,M,1980,53
Anas,M,1980,52
Kenny,M,1980,52
Mahdi,M,1980,52
Thore,M,1980,52
Abdulkadir,M,1980,51
Francis,M,1980,51
Hamza,M,1980,51
Kamal,M,1980,51
Miguel,M,1980,51
Søren,M,1980,51
Willy,M,1980,51
Amer,M,1980,50
Fredrick,M,1980,50
Georgios,M,1980,50
Torben,M,1980,50
Alejandro,M,1980,49
Claes,M,1980,49
Mostafa,M,1980,49
Vemund,M,1980,49
Werner,M,1980,49
Edgar,M,1980,48
Fernando,M,1980,48
Ole-Petter,M,1980,48
Robel,M,1980,48
Roberto,M,1980,48
Adel,M,1980,47
Casper,M,1980,47
Dragan,M,1980,47
Eldar,M,1980,47
Hans-Petter,M,1980,47
Klaus,M,1980,47
Liban,M,1980,47
Lucas,M,1980,47
Mahad,M,1980,47
Muhammed,M,1980,47
Oddmund,M,1980,47
Omid,M,1980,47
Otto,M,1980,47
Salah,M,1980,47
Abdulrahman,M,1980,46
Florian,M,1980,46
Glen,M,1980,46
Nikolay,M,1980,46
Ole-Jørgen,M,1980,46
Torkild,M,1980,46
Armin,M,1980,45
Ivo,M,1980,44
Ronald,M,1980,44
Anwar,M,1980,43
Samson,M,1980,43
Torkil,M,1980,43
Abbas,M,1980,42
Claus,M,1980,42
Kristen,M,1980,41
Adil,M,1980,40
Mike,M,1980,40
Scott,M,1980,40
Jason,M,1980,39
Ludvig,M,1980,39
Yousef,M,1980,39
Adem,M,1980,38
Alfred,M,1980,38
Ted,M,1980,38
Ådne,M,1980,38
Børre,M,1980,37
Carsten,M,1980,36
Justin,M,1980,36
Kaj,M,1980,36
Rino,M,1980,36
Amar,M,1980,35
Emir,M,1980,35
Jeppe,M,1980,35
Van,M,1980,35
Baard,M,1980,34
Idris,M,1980,34
Johann,M,1980,34
Seyed,M,1980,34
Theodor,M,1980,34
Tor-Arne,M,1980,34
Zoran,M,1980,34
Danny,M,1980,33
Fridtjof,M,1980,33
Leonardo,M,1980,33
Saleh,M,1980,33
Aaron,M,1980,32
Bror,M,1980,32
Gudmund,M,1980,32
Aram,M,1980,31
Kolbjørn,M,1980,31
Edwin,M,1980,30
Omer,M,1980,30
Tonny,M,1980,30
Abel,M,1980,29
Edin,M,1980,29
Khalil,M,1980,29
Bastian,M,1980,27
Phillip,M,1980,27
Yngvar,M,1980,27
Ayman,M,1980,26
Emanuel,M,1980,26
Ireneusz,M,1980,26
Minh,M,1980,26
Per-Arne,M,1980,26
Walter,M,1980,26
Haris,M,1980,25
Kato,M,1980,25
Nikolas,M,1980,25
Ryszard,M,1980,25
Zakaria,M,1980,25
Gerhard,M,1980,24
Harry,M,1980,24
Jarand,M,1980,24
Mathis,M,1980,24
Tadeusz,M,1980,24
Abdallah,M,1980,23
Ari,M,1980,23
Hadi,M,1980,23
Per-Erik,M,1980,23
Rainer,M,1980,23
Skjalg,M,1980,23
Svein-Erik,M,1980,23
Farhad,M,1980,22
Jomar,M,1980,22
Leonard,M,1980,22
Tarald,M,1980,22
Benny,M,1980,21
Flemming,M,1980,21
Isåc,M,1980,21
Jann,M,1980,21
Levi,M,1980,21
Olve,M,1980,21
Roland,M,1980,21
Bjørge,M,1980,20
Eigil,M,1980,20
Elling,M,1980,20
Guttorm,M,1980,20
Tron,M,1980,20
Boguslaw,M,1980,19
Wieslaw,M,1980,19
Aasmund,M,1980,18
Arnold,M,1980,18
Bertil,M,1980,18
Matteo,M,1980,18
Severin,M,1980,18
Bernard,M,1980,17
Edmund,M,1980,17
Eilert,M,1980,17
Torger,M,1980,17
Ferdinand,M,1980,16
Maximilian,M,1980,16
Wiktor,M,1980,16
Gorm,M,1980,15
Hussain,M,1980,15
Jardar,M,1980,15
Karstein,M,1980,15
Luca,M,1980,15
Hogne,M,1980,14
Jerzy,M,1980,14
Kacper,M,1980,14
Marvin,M,1980,14
Thorleif,M,1980,14
Wiggo,M,1980,14
Aage,M,1980,13
Agnar,M,1980,13
Colin,M,1980,13
Eddie,M,1980,13
Olivier,M,1980,13
Ragnvald,M,1980,13
Salman,M,1980,13
Teodor,M,1980,13
Youssef,M,1980,13
August,M,1980,12
Halfdan,M,1980,12
Linus,M,1980,12
Arman,M,1980,11
Dominic,M,1980,11
Isa,M,1980,11
Hermann,M,1980,10
Ingebrigt,M,1980,10
Mikolaj,M,1980,10
Toralf,M,1980,10
Alvin,M,1980,9
Borgar,M,1980,9
Conrad,M,1980,9
Ilyas,M,1980,9
Lauritz,M,1980,9
Liam,M,1980,9
Louis,M,1980,9
Sigvald,M,1980,9
Torleiv,M,1980,9
Yahya,M,1980,9
Yosef,M,1980,9
Emilio,M,1980,8
Gert,M,1980,8
Jaran,M,1980,8
Rolv,M,1980,8
Viljar,M,1980,8
Haavard,M,1980,7
Nathaniel,M,1980,7
Frans,M,1980,6
Eilif,M,1980,5
Hallstein,M,1980,5
Kaare,M,1980,5
Kazimierz,M,1980,5
Loke,M,1980,5
Martinus,M,1980,5
Sture,M,1980,5
Torvald,M,1980,5
Arian,M,1980,4
Ask,M,1980,4
Emre,M,1980,4
Esten,M,1980,4
Frithjof,M,1980,4
Fritz,M,1980,4
Gjert,M,1980,4
Gudbrand,M,1980,4
Hilmar,M,1980,4
Hjalmar,M,1980,4
Imre,M,1980,4
Ingolf,M,1980,4
Kian,M,1980,4
Malik,M,1980,4
Matas,M,1980,4
Melvin,M,1980,4
Nathan,M,1980,4
Norvald,M,1980,4
Oddleif,M,1980,4
Ravn,M,1980,4
Theo,M,1980,4
Torodd,M,1980,4
Tønnes,M,1980,4
Ida,F,1990,6008
Silje,F,1990,5394
Maria,F,1990,4576
Ingrid,F,1990,4318
Julie,F,1990,4188
Camilla,F,1990,3965
Malin,F,1990,3727
Stine,F,1990,3518
Kristine,F,1990,3516
Karoline,F,1990,3417
Helene,F,1990,3267
Marte,F,1990,3259
Anna,F,1990,3243
Emilie,F,1990,3117
Martine,F,1990,2985
Marie,F,1990,2982
Vilde,F,1990,2833
Thea,F,1990,2785
Sara,F,1990,2687
Andrea,F,1990,2685
Hanne,F,1990,2591
Mari,F,1990,2587
Maren,F,1990,2488
Anne,F,1990,2472
Caroline,F,1990,2312
Tonje,F,1990,2305
Charlotte,F,1990,2227
Kristin,F,1990,2225
Sandra,F,1990,2208
Linn,F,1990,2198
Marthe,F,1990,2173
Frida,F,1990,2155
Elise,F,1990,2089
Elisabeth,F,1990,2080
Amalie,F,1990,2046
Oda,F,1990,1964
Victoria,F,1990,1855
Nora,F,1990,1800
Cecilie,F,1990,1790
Hanna,F,1990,1787
Ingvild,F,1990,1782
Emma,F,1990,1771
Henriette,F,1990,1745
Sofie,F,1990,1729
Line,F,1990,1635
Anette,F,1990,1609
Lisa,F,1990,1582
Tina,F,1990,1567
Kristina,F,1990,1537
Lene,F,1990,1525
Therese,F,1990,1497
Susanne,F,1990,1489
Nina,F,1990,1452
Christine,F,1990,1403
Katrine,F,1990,1398
Marianne,F,1990,1367
Marita,F,1990,1359
Siri,F,1990,1356
Linda,F,1990,1343
Sunniva,F,1990,1304
Christina,F,1990,1295
Synne,F,1990,1295
Heidi,F,1990,1248
Jenny,F,1990,1239
Mia,F,1990,1238
Lise,F,1990,1224
Cathrine,F,1990,1211
Trine,F,1990,1211
Kine,F,1990,1204
Eline,F,1990,1168
Guro,F,1990,1165
Ane,F,1990,1132
Pernille,F,1990,1098
Amanda,F,1990,1094
Solveig,F,1990,1091
Iselin,F,1990,1074
Malene,F,1990,1069
Rebecca,F,1990,1067
Mathilde,F,1990,1064
Lena,F,1990,1061
Hilde,F,1990,1056
Ragnhild,F,1990,1037
Benedicte,F,1990,1022
Rikke,F,1990,1014
Kamilla,F,1990,1003
Johanne,F,1990,999
Veronica,F,1990,995
Sigrid,F,1990,975
Astrid,F,1990,970
Kaja,F,1990,970
Hege,F,1990,969
Renate,F,1990,950
Elin,F,1990,945
Marit,F,1990,936
Ingeborg,F,1990,926
Rebekka,F,1990,893
Maja,F,1990,889
Celine,F,1990,888
Miriam,F,1990,879
Hedda,F,1990,874
Anniken,F,1990,864
Sarah,F,1990,863
Anja,F,1990,860
Karina,F,1990,835
Ann,F,1990,812
Ina,F,1990,807
Karen,F,1990,802
Maiken,F,1990,773
Eirin,F,1990,768
Julia,F,1990,758
Michelle,F,1990,758
Mina,F,1990,743
Hannah,F,1990,727
Ellen,F,1990,719
Jeanette,F,1990,718
Monica,F,1990,711
Mona,F,1990,709
Pia,F,1990,678
Madeleine,F,1990,677
Anita,F,1990,658
Inger,F,1990,655
Tone,F,1990,633
Aurora,F,1990,626
Alexandra,F,1990,619
Carina,F,1990,609
Kjersti,F,1990,600
Tiril,F,1990,600
Tuva,F,1990,597
Ine,F,1990,591
Karianne,F,1990,591
Kari,F,1990,590
June,F,1990,586
Natalie,F,1990,579
Birgitte,F,1990,572
Lina,F,1990,561
Kathrine,F,1990,559
Eva,F,1990,557
Benedikte,F,1990,556
Janne,F,1990,539
Monika,F,1990,537
Madelen,F,1990,518
Liv,F,1990,507
Synnøve,F,1990,498
Aleksandra,F,1990,494
Gina,F,1990,490
Nathalie,F,1990,470
Aina,F,1990,465
Marlene,F,1990,454
Mariell,F,1990,452
Veronika,F,1990,445
Helena,F,1990,442
Karolina,F,1990,438
Helle,F,1990,432
Signe,F,1990,430
Mette,F,1990,428
Tine,F,1990,428
Ronja,F,1990,425
Dina,F,1990,417
Josefine,F,1990,399
Katarina,F,1990,397
Marta,F,1990,397
Natalia,F,1990,392
Andrine,F,1990,388
Lotte,F,1990,388
Inga,F,1990,384
Laura,F,1990,382
Margrethe,F,1990,379
May,F,1990,371
Susann,F,1990,371
Viktoria,F,1990,368
Paulina,F,1990,364
Trude,F,1990,364
Beate,F,1990,358
Louise,F,1990,357
Johanna,F,1990,354
Isabel,F,1990,348
Siv,F,1990,344
Live,F,1990,343
Magdalena,F,1990,343
Ingunn,F,1990,342
Emily,F,1990,340
Tora,F,1990,336
Linnea,F,1990,330
Jannicke,F,1990,328
Irene,F,1990,327
Regine,F,1990,327
Stina,F,1990,323
Erika,F,1990,313
Nadia,F,1990,313
Celina,F,1990,304
Lone,F,1990,302
Katarzyna,F,1990,300
Jeanett,F,1990,299
Vibeke,F,1990,295
Merete,F,1990,292
Helen,F,1990,291
Selma,F,1990,291
Anine,F,1990,289
Fatima,F,1990,289
Isabell,F,1990,287
Randi,F,1990,287
Sophie,F,1990,286
Melissa,F,1990,284
Åshild,F,1990,284
Elena,F,1990,281
Sofia,F,1990,275
Marielle,F,1990,272
Annette,F,1990,270
Mariann,F,1990,266
Ylva,F,1990,261
Marion,F,1990,258
Julianne,F,1990,256
Yvonne,F,1990,256
Lea,F,1990,254
Diana,F,1990,252
Åse,F,1990,251
Annika,F,1990,250
Eli,F,1990,249
Martha,F,1990,247
Karin,F,1990,244
Vanja,F,1990,241
Lillian,F,1990,240
Klaudia,F,1990,238
Alice,F,1990,236
Marina,F,1990,236
Bettina,F,1990,235
Rakel,F,1990,234
Ana,F,1990,233
Vanessa,F,1990,231
Kaia,F,1990,230
Iris,F,1990,228
Ada,F,1990,227
Amina,F,1990,225
Merethe,F,1990,224
Isabelle,F,1990,223
Jessica,F,1990,221
Patrycja,F,1990,221
Ulrikke,F,1990,219
Agnes,F,1990,217
Bente,F,1990,216
Matilde,F,1990,215
Mariam,F,1990,214
Runa,F,1990,214
Laila,F,1990,211
Joanna,F,1990,208
Ruth,F,1990,204
Katharina,F,1990,203
Berit,F,1990,202
Fanny,F,1990,200
Karine,F,1990,200
Sanne,F,1990,199
Thi,F,1990,195
Rita,F,1990,191
Margrete,F,1990,190
Tanja,F,1990,187
Kristiane,F,1990,185
Ella,F,1990,183
Sanna,F,1990,183
Lovise,F,1990,182
Lisbeth,F,1990,180
Agnieszka,F,1990,177
Siren,F,1990,177
Marlen,F,1990,175
Mary,F,1990,175
Alina,F,1990,173
Greta,F,1990,172
Jennifer,F,1990,172
Lill,F,1990,169
Aisha,F,1990,168
Maryam,F,1990,167
Terese,F,1990,166
Elina,F,1990,164
Embla,F,1990,163
Emilia,F,1990,161
Juni,F,1990,161
Stephanie,F,1990,161
Daria,F,1990,160
Connie,F,1990,159
Nicole,F,1990,158
Juliane,F,1990,156
Fride,F,1990,155
Gry,F,1990,155
Catharina,F,1990,151
Thale,F,1990,151
Vivian,F,1990,151
Yasmin,F,1990,151
Jannike,F,1990,150
Zahra,F,1990,150
Olga,F,1990,149
Olivia,F,1990,149
Gunn,F,1990,148
Sina,F,1990,148
Sonja,F,1990,148
Maia,F,1990,147
Cecilia,F,1990,146
Dominika,F,1990,146
Angelika,F,1990,145
Mathea,F,1990,145
Isabella,F,1990,140
Justyna,F,1990,140
Katinka,F,1990,140
Erica,F,1990,139
Paula,F,1990,139
Rachel,F,1990,139
Tove,F,1990,137
Gunhild,F,1990,136
Ingebjørg,F,1990,136
Tara,F,1990,136
Jane,F,1990,135
Amal,F,1990,134
Christiane,F,1990,133
Åsne,F,1990,133
Mai,F,1990,132
Maya,F,1990,132
Simone,F,1990,132
Ingvill,F,1990,130
Simona,F,1990,130
Sissel,F,1990,129
Torunn,F,1990,128
Elisa,F,1990,127
Rebecka,F,1990,127
Vera,F,1990,127
Jasmin,F,1990,126
Mariel,F,1990,126
Astri,F,1990,125
Cassandra,F,1990,125
Ann-Kristin,F,1990,124
Ellinor,F,1990,124
Grete,F,1990,124
Irmelin,F,1990,124
Tale,F,1990,124
Elizabeth,F,1990,123
Pauline,F,1990,123
Helga,F,1990,122
Henrikke,F,1990,121
Kamila,F,1990,121
Ingelin,F,1990,120
Siw,F,1990,120
Cornelia,F,1990,119
Daniela,F,1990,119
Else,F,1990,119
Mira,F,1990,118
Gro,F,1990,116
Jorunn,F,1990,116
Martyna,F,1990,116
Sol,F,1990,116
Sylwia,F,1990,116
Angelica,F,1990,115
Ayan,F,1990,115
Hedvig,F,1990,115
Emelie,F,1990,114
Martina,F,1990,114
Ramona,F,1990,114
Tea,F,1990,114
Idun,F,1990,113
Marthine,F,1990,112
Sabrina,F,1990,111
Anneli,F,1990,110
Ragna,F,1990,110
Agata,F,1990,109
Madelene,F,1990,109
Annie,F,1990,108
Ieva,F,1990,108
Samira,F,1990,108
Gabriela,F,1990,107
Mali,F,1990,106
Oline,F,1990,106
Elisabet,F,1990,105
Katja,F,1990,105
Evelyn,F,1990,104
Idunn,F,1990,103
Margit,F,1990,103
Elida,F,1990,102
Erle,F,1990,102
Esther,F,1990,102
Guri,F,1990,102
Kim,F,1990,102
Birte,F,1990,101
Brita,F,1990,101
Ingri,F,1990,101
Viktorija,F,1990,101
Catrine,F,1990,100
Ewelina,F,1990,100
Kaisa,F,1990,100
Kinga,F,1990,100
Gintare,F,1990,99
Iman,F,1990,99
Kirsti,F,1990,99
Lydia,F,1990,99
Birgit,F,1990,98
Fredrikke,F,1990,98
Irina,F,1990,98
Nanna,F,1990,98
Adele,F,1990,97
Eira,F,1990,96
Eileen,F,1990,95
Grethe,F,1990,95
Iben,F,1990,95
Magnhild,F,1990,95
Natasha,F,1990,95
Clara,F,1990,94
Lilly,F,1990,94
Mie,F,1990,93
Sigrun,F,1990,93
Wenche,F,1990,93
Britt,F,1990,92
Evelina,F,1990,92
Milena,F,1990,92
Aida,F,1990,91
Betina,F,1990,91
Una,F,1990,91
Nikoline,F,1990,90
Veslemøy,F,1990,90
Alma,F,1990,89
Nicoline,F,1990,89
Patricia,F,1990,89
Weronika,F,1990,89
Agnete,F,1990,88
Carmen,F,1990,88
Cristina,F,1990,88
Fatma,F,1990,88
Hildegunn,F,1990,88
Muna,F,1990,88
Sonia,F,1990,88
Egle,F,1990,87
Iqra,F,1990,87
Kirsten,F,1990,86
Reidun,F,1990,86
Selina,F,1990,86
Malgorzata,F,1990,85
Sophia,F,1990,85
Suzanne,F,1990,85
Zainab,F,1990,85
Elsa,F,1990,84
Siril,F,1990,83
Solfrid,F,1990,83
Agne,F,1990,82
Bjørg,F,1990,82
Klara,F,1990,82
Susanna,F,1990,82
Anastasia,F,1990,81
Fadumo,F,1990,81
Gabriele,F,1990,81
Turid,F,1990,81
Amy,F,1990,80
Ester,F,1990,80
Ingerid,F,1990,80
Nadja,F,1990,80
Sahra,F,1990,80
Beatrice,F,1990,79
Judith,F,1990,79
Khadija,F,1990,79
Sabina,F,1990,79
Ruta,F,1990,78
Sana,F,1990,78
Claudia,F,1990,77
Frøydis,F,1990,77
Maud,F,1990,77
Torill,F,1990,77
Alida,F,1990,76
Alise,F,1990,76
Agnethe,F,1990,75
Gøril,F,1990,75
Serine,F,1990,75
Edel,F,1990,74
Kajsa,F,1990,74
Naomi,F,1990,74
Susan,F,1990,74
Catherine,F,1990,73
Carolina,F,1990,72
Dorthe,F,1990,72
Ewa,F,1990,72
Ivana,F,1990,72
Selam,F,1990,72
Sylvia,F,1990,72
Vårin,F,1990,72
Alicja,F,1990,71
Barbara,F,1990,71
Melanie,F,1990,71
Regina,F,1990,71
Valentina,F,1990,71
Evy,F,1990,70
Gunnhild,F,1990,70
Josephine,F,1990,70
Kathinka,F,1990,70
My,F,1990,70
Naima,F,1990,70
Silja,F,1990,70
Theresa,F,1990,70
Mirjam,F,1990,69
Yngvild,F,1990,68
Christel,F,1990,67
Marija,F,1990,67
Melina,F,1990,67
Rannveig,F,1990,67
Ailin,F,1990,66
Carine,F,1990,66
Tamara,F,1990,66
Kristi,F,1990,65
Petra,F,1990,65
Rose,F,1990,65
Tanya,F,1990,65
Åsa,F,1990,65
Birthe,F,1990,64
Jennie,F,1990,64
Marwa,F,1990,64
Noor,F,1990,64
Bodil,F,1990,63
Jelena,F,1990,63
Leila,F,1990,63
Rabia,F,1990,63
Silvia,F,1990,63
Aneta,F,1990,62
Christin,F,1990,62
Elen,F,1990,62
Izabela,F,1990,62
Adriana,F,1990,61
Ann-Helen,F,1990,61
Bianca,F,1990,61
Desiree,F,1990,61
Katrin,F,1990,61
Nadine,F,1990,61
Nour,F,1990,61
Samantha,F,1990,61
Sølvi,F,1990,61
Amna,F,1990,59
Leah,F,1990,59
Seline,F,1990,59
Alicia,F,1990,58
Cindy,F,1990,58
Jasmine,F,1990,58
Borghild,F,1990,57
Gabriella,F,1990,57
Hafsa,F,1990,57
Janita,F,1990,57
Kate,F,1990,57
Ma,F,1990,57
Malena,F,1990,57
Maryan,F,1990,57
Amira,F,1990,56
Hanan,F,1990,56
Ilona,F,1990,56
Ines,F,1990,56
Miranda,F,1990,56
Salma,F,1990,56
Anisa,F,1990,55
Gabrielle,F,1990,55
Mille,F,1990,55
Gudrun,F,1990,54
Melinda,F,1990,54
Aya,F,1990,53
Felicia,F,1990,53
Hana,F,1990,53
Rahel,F,1990,53
Renathe,F,1990,53
Sadia,F,1990,53
Toril,F,1990,53
Nancy,F,1990,52
Asha,F,1990,51
Maylen,F,1990,51
Tomine,F,1990,51
Ayla,F,1990,50
Jana,F,1990,50
Rina,F,1990,50
Adelina,F,1990,49
Asma,F,1990,49
Lara,F,1990,49
Beathe,F,1990,48
Najma,F,1990,48
Emina,F,1990,47
Halima,F,1990,47
Luna,F,1990,47
Saba,F,1990,47
Serina,F,1990,47
Tilde,F,1990,47
Barbro,F,1990,46
Ebba,F,1990,46
Hiba,F,1990,46
Ranveig,F,1990,46
Rosa,F,1990,46
Sine,F,1990,46
Svanhild,F,1990,46
Zeinab,F,1990,46
Alvilde,F,1990,45
Dorota,F,1990,45
Ekaterina,F,1990,45
Frøya,F,1990,45
Sahar,F,1990,45
Belinda,F,1990,44
Edda,F,1990,44
Eden,F,1990,44
Gitte,F,1990,44
Hamdi,F,1990,44
Ingvil,F,1990,44
Sabine,F,1990,44
Wiktoria,F,1990,44
Kornelia,F,1990,43
Vår,F,1990,43
Aase,F,1990,42
Amelia,F,1990,42
Angela,F,1990,42
Anne-Sofie,F,1990,42
Beata,F,1990,42
Eliza,F,1990,42
Lana,F,1990,42
Tirill,F,1990,42
Elvira,F,1990,41
Gjertrud,F,1990,41
Liza,F,1990,41
Tyra,F,1990,41
Daniella,F,1990,40
Farah,F,1990,40
Katrina,F,1990,40
Liva,F,1990,40
Michaela,F,1990,39
Rahma,F,1990,39
Thora,F,1990,39
Agathe,F,1990,38
Brit,F,1990,38
Torhild,F,1990,38
Annbjørg,F,1990,37
Aslaug,F,1990,37
Ayse,F,1990,37
Dorthea,F,1990,37
Gerd,F,1990,37
Gunvor,F,1990,37
Henny,F,1990,36
Katherine,F,1990,36
Kelly,F,1990,36
Ninni,F,1990,36
Carla,F,1990,35
Eivor,F,1990,35
Emely,F,1990,35
Irma,F,1990,35
Kjerstin,F,1990,35
Lucia,F,1990,35
Tatiana,F,1990,35
Eilen,F,1990,34
Emmy,F,1990,34
Mariana,F,1990,34
Sharon,F,1990,34
Thuy,F,1990,34
Vigdis,F,1990,34
Alva,F,1990,33
Renata,F,1990,33
Anne-Marie,F,1990,32
Aud,F,1990,32
Bushra,F,1990,32
Fatemeh,F,1990,32
Grace,F,1990,32
Janicke,F,1990,32
Leyla,F,1990,32
Lotta,F,1990,32
Oliwia,F,1990,32
Senait,F,1990,32
Une,F,1990,32
Alette,F,1990,31
Emine,F,1990,31
Olaug,F,1990,31
Renee,F,1990,31
Solvår,F,1990,31
Tatjana,F,1990,31
Anett,F,1990,30
Edith,F,1990,30
Edyta,F,1990,30
Hodan,F,1990,30
Ingjerd,F,1990,30
Jenni,F,1990,30
Kristel,F,1990,30
Milla,F,1990,30
Nikola,F,1990,30
Stella,F,1990,30
Trine-Lise,F,1990,30
Ausra,F,1990,29
Ariana,F,1990,28
Cathrin,F,1990,28
Ragni,F,1990,28
Shirin,F,1990,28
Unni,F,1990,28
Valeria,F,1990,28
Vivi,F,1990,28
Zuzanna,F,1990,28
Alisa,F,1990,27
Dana,F,1990,27
Edita,F,1990,27
Huda,F,1990,27
Ingrida,F,1990,27
Jorid,F,1990,27
Margarita,F,1990,27
Marzena,F,1990,27
Gine,F,1990,26
Gyda,F,1990,26
Lidia,F,1990,26
Ngoc,F,1990,26
Ragne,F,1990,26
Rania,F,1990,26
Ariel,F,1990,25
Fiona,F,1990,25
Iwona,F,1990,25
Aileen,F,1990,24
Celia,F,1990,24
Cicilie,F,1990,24
Eilin,F,1990,24
Jacqueline,F,1990,24
Leonora,F,1990,24
Linea,F,1990,24
Nada,F,1990,24
Svetlana,F,1990,24
Wendy,F,1990,24
Zoe,F,1990,24
Bertine,F,1990,23
Inger-Lise,F,1990,23
Jill,F,1990,23
Margaret,F,1990,23
Sidra,F,1990,23
Vaida,F,1990,23
Abigail,F,1990,22
Aline,F,1990,22
Ann-Mari,F,1990,22
Anny,F,1990,22
Dagny,F,1990,22
Elle,F,1990,22
Isa,F,1990,22
Magda,F,1990,22
Marian,F,1990,22
Medina,F,1990,22
Tia,F,1990,22
Zara,F,1990,22
Alba,F,1990,21
Anne-Lise,F,1990,21
Cesilie,F,1990,21
Hala,F,1990,21
Iren,F,1990,21
Jorun,F,1990,21
Rasa,F,1990,21
Thanh,F,1990,21
Amelie,F,1990,20
Gerda,F,1990,20
Iryna,F,1990,20
Jamila,F,1990,20
Jolanta,F,1990,20
Lucy,F,1990,20
Matilda,F,1990,20
Rut,F,1990,20
Sumaya,F,1990,20
Åsta,F,1990,20
Annelise,F,1990,19
Elinor,F,1990,19
Enya,F,1990,19
Juliana,F,1990,19
Leni,F,1990,19
Lilja,F,1990,19
Sanja,F,1990,19
Vida,F,1990,19
Viola,F,1990,19
Aylin,F,1990,18
Hatice,F,1990,18
Lilli,F,1990,18
Teresa,F,1990,18
Asta,F,1990,17
Deborah,F,1990,17
Eirill,F,1990,17
Liliana,F,1990,17
Nelly,F,1990,17
Sheila,F,1990,17
Solvor,F,1990,17
Anne-Mette,F,1990,16
Azra,F,1990,16
Hilda,F,1990,16
Jasmina,F,1990,16
Siham,F,1990,16
Solrun,F,1990,16
Frid,F,1990,15
Karla,F,1990,15
Malika,F,1990,15
Angelina,F,1990,14
Antonia,F,1990,14
Dalia,F,1990,14
Elzbieta,F,1990,14
Othilie,F,1990,14
Synøve,F,1990,14
Tilla,F,1990,14
Torun,F,1990,14
Vilja,F,1990,14
Emilija,F,1990,13
Erna,F,1990,13
May-Britt,F,1990,13
Vibecke,F,1990,13
Anne-Lene,F,1990,12
Eir,F,1990,12
Helin,F,1990,12
Hennie,F,1990,12
Liz,F,1990,12
Mildrid,F,1990,12
Norunn,F,1990,12
Phuong,F,1990,12
Safia,F,1990,12
Urszula,F,1990,12
Vilma,F,1990,12
Wanja,F,1990,12
Amalia,F,1990,11
Saga,F,1990,11
Thu,F,1990,11
Hulda,F,1990,10
Kari-Anne,F,1990,10
Kira,F,1990,10
Lily,F,1990,10
Maj,F,1990,10
Thilde,F,1990,10
Unn,F,1990,10
Wilma,F,1990,10
Anni,F,1990,9
Eldbjørg,F,1990,9
Gloria,F,1990,9
Hong,F,1990,9
Lindis,F,1990,9
Liss,F,1990,9
Lykke,F,1990,9
Margareth,F,1990,9
Oksana,F,1990,9
Adelen,F,1990,8
Elly,F,1990,8
Hermine,F,1990,8
Joan,F,1990,8
Lisbet,F,1990,8
Norah,F,1990,8
Olena,F,1990,8
Otilie,F,1990,8
Rana,F,1990,8
Violeta,F,1990,8
Zofia,F,1990,8
Jurgita,F,1990,7
Olea,F,1990,7
Eiril,F,1990,6
Elma,F,1990,6
Saima,F,1990,6
Thelma,F,1990,6
Venke,F,1990,6
Edle,F,1990,5
Ema,F,1990,5
Filippa,F,1990,5
Inghild,F,1990,5
Lin,F,1990,5
Mathilda,F,1990,5
Turi,F,1990,5
Anne-Berit,F,1990,4
Anne-Mari,F,1990,4
Asbjørg,F,1990,4
Audhild,F,1990,4
Ava,F,1990,4
Bella,F,1990,4
Betty,F,1990,4
Brynhild,F,1990,4
Dagmar,F,1990,4
Emmeli,F,1990,4
Gudny,F,1990,4
Hild,F,1990,4
Hildur,F,1990,4
Ingun,F,1990,4
Irena,F,1990,4
Janet,F,1990,4
Janniche,F,1990,4
Kathrin,F,1990,4
Kerstin,F,1990,4
Liana,F,1990,4
Malak,F,1990,4
Mila,F,1990,4
Møyfrid,F,1990,4
Rigmor,F,1990,4
Sidsel,F,1990,4
Signy,F,1990,4
Solbjørg,F,1990,4
Torbjørg,F,1990,4
Vilje,F,1990,4
Martin,M,1990,7310
Andreas,M,1990,6833
Daniel,M,1990,5976
Thomas,M,1990,5569
Marius,M,1990,5185
Fredrik,M,1990,4811
Ole,M,1990,4725
Jonas,M,1990,4487
Stian,M,1990,4444
Henrik,M,1990,4422
Anders,M,1990,4394
Kristian,M,1990,4377
Magnus,M,1990,4369
Lars,M,1990,4191
Eirik,M,1990,4012
Kristoffer,M,1990,3895
Simen,M,1990,3787
Sondre,M,1990,3590
Jørgen,M,1990,3376
Håkon,M,1990,3243
Joakim,M,1990,3170
Alexander,M,1990,3162
Espen,M,1990,3082
Christian,M,1990,2984
Sindre,M,1990,2984
Mathias,M,1990,2975
Erik,M,1990,2954
Vegard,M,1990,2716
Morten,M,1990,2562
Markus,M,1990,2528
Adrian,M,1990,2516
Aleksander,M,1990,2439
Emil,M,1990,2375
Mats,M,1990,2362
Petter,M,1990,2250
Håvard,M,1990,2155
Erlend,M,1990,2143
Sebastian,M,1990,2137
Sander,M,1990,2115
Robin,M,1990,2007
Christoffer,M,1990,1988
Tobias,M,1990,1932
Kim,M,1990,1910
Simon,M,1990,1901
Benjamin,M,1990,1881
Jan,M,1990,1867
Even,M,1990,1750
Bjørn,M,1990,1657
Marcus,M,1990,1645
Hans,M,1990,1636
Jon,M,1990,1622
Joachim,M,1990,1588
Andre,M,1990,1572
Eivind,M,1990,1535
Tor,M,1990,1497
Kenneth,M,1990,1484
Øyvind,M,1990,1439
Per,M,1990,1406
Ola,M,1990,1400
John,M,1990,1397
Tommy,M,1990,1378
Steffen,M,1990,1337
Kevin,M,1990,1281
Lasse,M,1990,1274
Ruben,M,1990,1251
Johannes,M,1990,1245
David,M,1990,1213
Johan,M,1990,1188
Michael,M,1990,1141
Mads,M,1990,1136
Sigurd,M,1990,1136
Kjetil,M,1990,1125
Olav,M,1990,1099
Knut,M,1990,1097
Øystein,M,1990,1087
Robert,M,1990,1047
Vetle,M,1990,1014
Tom,M,1990,994
Patrick,M,1990,976
Bendik,M,1990,959
Jens,M,1990,958
William,M,1990,944
Nikolai,M,1990,943
Karl,M,1990,891
Mohammad,M,1990,888
Ørjan,M,1990,864
Jakob,M,1990,861
Christer,M,1990,851
Herman,M,1990,851
Ali,M,1990,837
Pål,M,1990,831
Christopher,M,1990,798
Mikael,M,1990,793
Elias,M,1990,768
Bjørnar,M,1990,745
Peter,M,1990,745
Preben,M,1990,730
Haakon,M,1990,727
Mohamed,M,1990,711
Jostein,M,1990,708
Carl,M,1990,702
Einar,M,1990,690
Runar,M,1990,688
Nils,M,1990,686
Rune,M,1990,686
Vebjørn,M,1990,685
Trym,M,1990,670
Jonathan,M,1990,667
Sivert,M,1990,656
Peder,M,1990,649
Torbjørn,M,1990,643
Nicolai,M,1990,642
Glenn,M,1990,640
Tomas,M,1990,639
Niklas,M,1990,624
Henning,M,1990,623
Truls,M,1990,623
Harald,M,1990,614
Torstein,M,1990,614
Isak,M,1990,605
Arne,M,1990,604
Mikkel,M,1990,597
Dennis,M,1990,596
Tore,M,1990,587
Oskar,M,1990,586
Mohammed,M,1990,575
Jesper,M,1990,562
Endre,M,1990,560
Ahmed,M,1990,547
Sverre,M,1990,533
Trond,M,1990,531
Odd,M,1990,528
Oscar,M,1990,521
Oliver,M,1990,520
Svein,M,1990,518
Philip,M,1990,517
Edvard,M,1990,510
Chris,M,1990,507
Richard,M,1990,505
Filip,M,1990,500
Jacob,M,1990,500
Victor,M,1990,484
Audun,M,1990,474
Tord,M,1990,471
Brage,M,1990,467
Aksel,M,1990,466
Didrik,M,1990,465
Mateusz,M,1990,464
Amund,M,1990,456
Ahmad,M,1990,452
Thor,M,1990,452
Kasper,M,1990,451
Geir,M,1990,450
Stig,M,1990,448
Stefan,M,1990,442
Julian,M,1990,441
Kjell,M,1990,437
Tony,M,1990,432
Ivar,M,1990,426
Odin,M,1990,424
Eskil,M,1990,416
Erling,M,1990,413
Michal,M,1990,412
Adam,M,1990,407
Dag,M,1990,406
Matias,M,1990,402
Trygve,M,1990,401
Gaute,M,1990,397
Rasmus,M,1990,388
Atle,M,1990,385
Steinar,M,1990,384
Ulrik,M,1990,384
Halvor,M,1990,382
Kent,M,1990,381
Leif,M,1990,375
Terje,M,1990,363
Vidar,M,1990,360
Samuel,M,1990,358
Remi,M,1990,354
Viktor,M,1990,354
Frank,M,1990,352
Dan,M,1990,345
Gabriel,M,1990,342
Tim,M,1990,342
Ådne,M,1990,337
Snorre,M,1990,336
August,M,1990,335
Vegar,M,1990,334
Kamil,M,1990,333
Paul,M,1990,331
Rolf,M,1990,331
Bård,M,1990,328
Åsmund,M,1990,326
Gard,M,1990,323
Jarle,M,1990,323
Axel,M,1990,319
Magne,M,1990,317
Jørn,M,1990,316
Nicholas,M,1990,311
Torgeir,M,1990,308
Roy,M,1990,305
Mohamad,M,1990,302
Are,M,1990,298
Jakub,M,1990,295
Pawel,M,1990,293
Fabian,M,1990,292
Ibrahim,M,1990,292
Omar,M,1990,291
Sigve,M,1990,287
Gøran,M,1990,286
Helge,M,1990,285
Iver,M,1990,285
Asbjørn,M,1990,283
Krister,M,1990,282
Mustafa,M,1990,282
Hassan,M,1990,275
Ivan,M,1990,274
Raymond,M,1990,274
Lukas,M,1990,273
Cato,M,1990,272
Muhammad,M,1990,271
Alf,M,1990,270
Dawid,M,1990,266
Jo,M,1990,266
Patryk,M,1990,266
Hallvard,M,1990,265
Roger,M,1990,263
Stein,M,1990,262
Gunnar,M,1990,261
Mikal,M,1990,261
Vemund,M,1990,260
Frode,M,1990,255
Tarjei,M,1990,254
Damian,M,1990,253
Theodor,M,1990,252
Georg,M,1990,250
Arild,M,1990,248
Kai,M,1990,248
Lukasz,M,1990,248
Gustav,M,1990,246
Piotr,M,1990,246
Jim,M,1990,235
Ken,M,1990,232
Torjus,M,1990,229
Sven,M,1990,226
Marcin,M,1990,225
Max,M,1990,225
Felix,M,1990,222
Jonatan,M,1990,222
Jone,M,1990,220
Aslak,M,1990,218
Tormod,M,1990,218
Sigbjørn,M,1990,215
Jøran,M,1990,214
Anton,M,1990,213
Tomasz,M,1990,211
Ludvig,M,1990,207
Nicklas,M,1990,206
Patrik,M,1990,203
Sjur,M,1990,203
Ronny,M,1990,202
Eric,M,1990,200
Nicolas,M,1990,197
Johnny,M,1990,195
Nicolay,M,1990,194
Aron,M,1990,193
Joar,M,1990,193
Amir,M,1990,183
Casper,M,1990,183
Sveinung,M,1990,182
Kjartan,M,1990,181
Gjermund,M,1990,177
Brede,M,1990,176
Abdul,M,1990,174
Egil,M,1990,174
Frederik,M,1990,174
Rene,M,1990,174
Halvard,M,1990,172
Krzysztof,M,1990,171
Bjarte,M,1990,169
Abdullah,M,1990,168
Ole-Martin,M,1990,167
Maciej,M,1990,165
Birk,M,1990,162
Ståle,M,1990,161
Joacim,M,1990,160
Finn,M,1990,157
Mattis,M,1990,157
Leon,M,1990,156
Hamza,M,1990,155
Mattias,M,1990,155
Abdirahman,M,1990,154
Hussein,M,1990,153
Jarl,M,1990,153
Konrad,M,1990,152
Lucas,M,1990,151
Kim-Andre,M,1990,149
Ask,M,1990,148
Mahmoud,M,1990,147
Bilal,M,1990,146
Karsten,M,1990,145
Yngve,M,1990,144
Ove,M,1990,143
Alex,M,1990,142
Albert,M,1990,141
Morgan,M,1990,141
Brian,M,1990,140
Roar,M,1990,139
Mantas,M,1990,137
Sean,M,1990,137
Bjarne,M,1990,135
Henry,M,1990,134
Niclas,M,1990,134
Bernt,M,1990,133
Ismail,M,1990,133
Bartosz,M,1990,131
Fredrick,M,1990,131
Dominik,M,1990,130
Rikard,M,1990,130
Brynjar,M,1990,129
Inge,M,1990,127
Reidar,M,1990,127
Jimmy,M,1990,126
Sigmund,M,1990,123
Szymon,M,1990,123
Artur,M,1990,122
Børge,M,1990,122
Edvin,M,1990,122
Eskild,M,1990,120
Ragnar,M,1990,119
Torje,M,1990,119
Øivind,M,1990,119
James,M,1990,118
Leo,M,1990,118
Nikolas,M,1990,118
Wojciech,M,1990,118
Asgeir,M,1990,117
Marco,M,1990,117
Wilhelm,M,1990,116
Abdullahi,M,1990,115
Arnt,M,1990,115
Krystian,M,1990,115
Said,M,1990,115
Håvar,M,1990,114
Steven,M,1990,114
Tage,M,1990,112
Hermann,M,1990,111
Bartlomiej,M,1990,110
Hasan,M,1990,110
Karol,M,1990,110
Phillip,M,1990,110
Thorbjørn,M,1990,110
Adnan,M,1990,109
Heine,M,1990,109
Njål,M,1990,109
Joshua,M,1990,108
Scott,M,1990,108
Arthur,M,1990,107
Oddbjørn,M,1990,107
Alan,M,1990,105
Viljar,M,1990,105
Jarand,M,1990,104
Juan,M,1990,104
Kåre,M,1990,104
Mark,M,1990,103
Jack,M,1990,101
Johann,M,1990,101
Birger,M,1990,100
Josef,M,1990,100
Asle,M,1990,99
Lars-Erik,M,1990,99
Syed,M,1990,99
Mindaugas,M,1990,98
Ole-Kristian,M,1990,98
Bror,M,1990,97
Edward,M,1990,97
Fridtjof,M,1990,97
Julius,M,1990,97
Khalid,M,1990,97
Osman,M,1990,97
Arvid,M,1990,96
Karolis,M,1990,96
Ludvik,M,1990,96
Rafal,M,1990,96
Yonas,M,1990,95
Joel,M,1990,94
Teodor,M,1990,94
Alfred,M,1990,93
Idar,M,1990,92
Ingar,M,1990,92
Rudi,M,1990,92
Amin,M,1990,90
Deividas,M,1990,90
Marek,M,1990,90
Olve,M,1990,90
Arve,M,1990,89
Khaled,M,1990,89
Bastian,M,1990,88
Magnar,M,1990,88
Matthew,M,1990,88
Przemyslaw,M,1990,88
Torkel,M,1990,88
Abel,M,1990,87
Gisle,M,1990,87
Jose,M,1990,87
Paulius,M,1990,87
Severin,M,1990,87
Syver,M,1990,87
Antonio,M,1990,86
Erland,M,1990,86
Stephen,M,1990,86
Abdi,M,1990,85
Mario,M,1990,85
Olaf,M,1990,84
Remy,M,1990,84
Robel,M,1990,84
Yasin,M,1990,84
Ferdinand,M,1990,83
Grzegorz,M,1990,83
Carlos,M,1990,82
Maximilian,M,1990,82
Mostafa,M,1990,82
Sam,M,1990,81
Usman,M,1990,81
Vincent,M,1990,81
Joseph,M,1990,80
Kacper,M,1990,80
Sturla,M,1990,80
Bent,M,1990,79
Jørund,M,1990,79
Luis,M,1990,79
Marko,M,1990,79
Kennet,M,1990,78
Noah,M,1990,78
Paal,M,1990,78
Martynas,M,1990,77
Torgrim,M,1990,77
Yusuf,M,1990,77
Ben,M,1990,76
Levi,M,1990,76
Mahamed,M,1990,75
Nikola,M,1990,75
Bernhard,M,1990,74
George,M,1990,74
Igor,M,1990,74
Jan-Erik,M,1990,73
Leonard,M,1990,73
Sami,M,1990,73
Aleksandar,M,1990,72
Ian,M,1990,72
Jean,M,1990,72
Muhammed,M,1990,72
Leander,M,1990,71
Stephan,M,1990,71
Kyrre,M,1990,70
Liam,M,1990,70
Sølve,M,1990,70
Denis,M,1990,69
Mariusz,M,1990,69
Torkil,M,1990,69
Andrei,M,1990,68
Andrius,M,1990,68
Dani,M,1990,68
Dawit,M,1990,68
Jardar,M,1990,68
Liban,M,1990,66
Mehdi,M,1990,65
Oddvar,M,1990,65
Jonny,M,1990,64
Reza,M,1990,63
Abraham,M,1990,62
Kenny,M,1990,62
Mahad,M,1990,62
Zakaria,M,1990,62
Åge,M,1990,62
Arkadiusz,M,1990,61
Omid,M,1990,61
Samir,M,1990,61
Tarald,M,1990,61
Yousef,M,1990,61
Amanuel,M,1990,60
Bo,M,1990,60
Fred,M,1990,60
Mike,M,1990,60
Arian,M,1990,59
Allan,M,1990,58
Andrew,M,1990,58
Lennart,M,1990,58
Nikolay,M,1990,58
Roald,M,1990,58
Roman,M,1990,58
Dariusz,M,1990,57
Emanuel,M,1990,57
Tadas,M,1990,57
Theo,M,1990,57
Arman,M,1990,56
Armin,M,1990,56
Hugo,M,1990,56
Andres,M,1990,55
Haris,M,1990,55
Hubert,M,1990,55
Alexandru,M,1990,54
Mehmet,M,1990,54
Rino,M,1990,54
Sten,M,1990,54
Abdulrahman,M,1990,53
Charles,M,1990,53
Mahdi,M,1990,53
Svenn,M,1990,53
Aaron,M,1990,52
Ammar,M,1990,52
Anthony,M,1990,52
Ketil,M,1990,52
Louis,M,1990,52
Martinus,M,1990,51
Ottar,M,1990,51
Otto,M,1990,51
Ryan,M,1990,51
Eilif,M,1990,50
Esben,M,1990,50
Nathaniel,M,1990,50
Ole-Christian,M,1990,50
Torben,M,1990,50
Danny,M,1990,49
Jeppe,M,1990,49
Diego,M,1990,48
Emmanuel,M,1990,48
Esten,M,1990,48
Kay,M,1990,48
Abbas,M,1990,47
Hussain,M,1990,47
Khalil,M,1990,47
Kristen,M,1990,47
Svend,M,1990,47
Aurimas,M,1990,46
Radoslaw,M,1990,46
Thorstein,M,1990,46
Tor-Erik,M,1990,46
Willy,M,1990,46
Donatas,M,1990,45
Farhad,M,1990,45
Hamid,M,1990,45
Jahn,M,1990,45
Niels,M,1990,45
Anas,M,1990,44
Carsten,M,1990,44
Elling,M,1990,44
Isåc,M,1990,44
Rafael,M,1990,44
Tom-Erik,M,1990,44
Toni,M,1990,44
Vladimir,M,1990,44
Werner,M,1990,44
Miguel,M,1990,43
Bengt,M,1990,41
Cristian,M,1990,41
Faisal,M,1990,41
Vytautas,M,1990,41
Adil,M,1990,40
Edwin,M,1990,40
Emre,M,1990,40
Florian,M,1990,40
Kurt,M,1990,40
Milan,M,1990,40
Pedro,M,1990,40
Valentin,M,1990,40
Emir,M,1990,39
Ingvar,M,1990,39
Ole-Jørgen,M,1990,39
Ole-Petter,M,1990,39
Steve,M,1990,39
Darius,M,1990,38
Mons,M,1990,38
Olai,M,1990,38
Arnfinn,M,1990,37
Karim,M,1990,37
Matthias,M,1990,37
Rami,M,1990,37
Seyed,M,1990,37
Skjalg,M,1990,37
Thanh,M,1990,37
Ahmet,M,1990,36
Hogne,M,1990,36
Jamal,M,1990,36
Jorge,M,1990,36
Milos,M,1990,36
Ulf,M,1990,36
Arturas,M,1990,35
Hadi,M,1990,35
Egidijus,M,1990,34
Hallgeir,M,1990,34
Jaroslaw,M,1990,34
Cornelius,M,1990,33
Marcel,M,1990,33
Nathan,M,1990,33
Steffan,M,1990,33
Walid,M,1990,33
Audrius,M,1990,32
Harry,M,1990,32
Janis,M,1990,32
Jason,M,1990,32
Kestutis,M,1990,32
Lauritz,M,1990,32
Torleif,M,1990,32
Andrzej,M,1990,31
Arnstein,M,1990,31
Balder,M,1990,31
Borgar,M,1990,31
Hauk,M,1990,31
Ingebrigt,M,1990,31
Ingve,M,1990,31
Jacek,M,1990,31
Solomon,M,1990,31
Anwar,M,1990,30
Jaran,M,1990,30
Minh,M,1990,30
Pavel,M,1990,30
Youssef,M,1990,30
Aasmund,M,1990,29
Charlie,M,1990,29
Francisco,M,1990,29
Ingvald,M,1990,29
Marc,M,1990,29
Amar,M,1990,28
Bjørn-Erik,M,1990,28
Imran,M,1990,28
Wiktor,M,1990,28
Aram,M,1990,27
Ernst,M,1990,27
Freddy,M,1990,27
Haavard,M,1990,27
Kornelius,M,1990,27
Laurits,M,1990,27
Ricardo,M,1990,27
Salman,M,1990,27
Alejandro,M,1990,26
Kolbjørn,M,1990,26
Luka,M,1990,26
Marvin,M,1990,26
Timothy,M,1990,26
Torfinn,M,1990,26
Bogdan,M,1990,25
Ilyas,M,1990,25
Linas,M,1990,25
Manuel,M,1990,25
Omer,M,1990,25
Thorvald,M,1990,25
Abdulkadir,M,1990,24
Emilio,M,1990,24
Giedrius,M,1990,24
Oddgeir,M,1990,24
Abdallah,M,1990,23
Amer,M,1990,23
Bruno,M,1990,23
Hjalmar,M,1990,23
Isac,M,1990,23
Joao,M,1990,23
Luca,M,1990,23
Søren,M,1990,23
Bernard,M,1990,22
Edin,M,1990,22
Evaldas,M,1990,22
Linus,M,1990,22
Roberto,M,1990,22
Ronnie,M,1990,22
Samson,M,1990,22
Colin,M,1990,21
Gediminas,M,1990,21
Glen,M,1990,21
Jomar,M,1990,21
Martinius,M,1990,21
Adel,M,1990,20
Boris,M,1990,20
Eilert,M,1990,20
Idris,M,1990,20
Klaus,M,1990,20
Mathis,M,1990,20
Nerijus,M,1990,20
Sylwester,M,1990,20
Pelle,M,1990,19
Ravn,M,1990,19
Torger,M,1990,19
Yahya,M,1990,19
Ari,M,1990,18
Edgar,M,1990,18
Hans-Petter,M,1990,18
Lavrans,M,1990,18
Matteo,M,1990,18
Mika,M,1990,18
Tristan,M,1990,18
Aleksandr,M,1990,17
Dainius,M,1990,17
Fernando,M,1990,17
Isa,M,1990,17
Mikolaj,M,1990,17
Ronald,M,1990,17
Slawomir,M,1990,17
Torvald,M,1990,17
Øistein,M,1990,17
Arvin,M,1990,16
Georgios,M,1990,16
Goran,M,1990,16
Leonardo,M,1990,16
Oddmund,M,1990,16
Thore,M,1990,16
Viggo,M,1990,16
Eldar,M,1990,15
Fillip,M,1990,15
Leiv,M,1990,15
Loke,M,1990,15
Alvin,M,1990,14
Dagfinn,M,1990,14
Dejan,M,1990,14
Francis,M,1990,14
Halfdan,M,1990,14
Nataniel,M,1990,14
Norbert,M,1990,14
Robertas,M,1990,14
Tellef,M,1990,14
Van,M,1990,14
Yosef,M,1990,14
Arvydas,M,1990,13
Dominic,M,1990,13
Gorm,M,1990,13
Kamal,M,1990,13
Ted,M,1990,13
Toralf,M,1990,13
Torkild,M,1990,13
Aleksandrs,M,1990,12
Eddie,M,1990,12
Eystein,M,1990,12
Kato,M,1990,12
Sigvart,M,1990,12
Tor-Arne,M,1990,12
Vaidas,M,1990,12
Guttorm,M,1990,11
Marian,M,1990,11
Storm,M,1990,11
Arnold,M,1990,10
Eyvind,M,1990,10
Gudmund,M,1990,10
Haldor,M,1990,10
Kaj,M,1990,10
Matas,M,1990,10
Rainer,M,1990,10
Troy,M,1990,10
Aage,M,1990,9
Andrej,M,1990,9
Imre,M,1990,9
Jonah,M,1990,9
Karstein,M,1990,9
Lyder,M,1990,9
Malvin,M,1990,9
Roland,M,1990,9
Sture,M,1990,9
Adem,M,1990,8
Arunas,M,1990,8
Aryan,M,1990,8
Flemming,M,1990,8
Frans,M,1990,8
Jozef,M,1990,8
Justin,M,1990,8
Lorentz,M,1990,8
Mateo,M,1990,8
Tron,M,1990,8
Waldemar,M,1990,8
Andris,M,1990,6
Baard,M,1990,6
Claus,M,1990,6
Hallstein,M,1990,6
Miroslav,M,1990,6
Rolandas,M,1990,6
Conrad,M,1990,5
Edmund,M,1990,5
Elliot,M,1990,5
Falk,M,1990,5
Ingmar,M,1990,5
Malik,M,1990,5
Matheus,M,1990,5
Stanislaw,M,1990,5
Thorleif,M,1990,5
Agnar,M,1990,4
Aiden,M,1990,4
Alv,M,1990,4
Bjørge,M,1990,4
Constantin,M,1990,4
Eigil,M,1990,4
Frithjof,M,1990,4
Gerhard,M,1990,4
Gintaras,M,1990,4
Gjert,M,1990,4
Helmer,M,1990,4
Hilmar,M,1990,4
Jann,M,1990,4
Leszek,M,1990,4
Maksymilian,M,1990,4
Mikail,M,1990,4
Noel,M,1990,4
Per-Arne,M,1990,4
Ragnvald,M,1990,4
Saleh,M,1990,4
Svein-Erik,M,1990,4
Timian,M,1990,4
Torleiv,M,1990,4
Torodd,M,1990,4
Yngvar,M,1990,4
Zbigniew,M,1990,4
Emma,F,2000,5418
Ida,F,2000,4647
Thea,F,2000,4568
Julie,F,2000,4445
Nora,F,2000,4185
Emilie,F,2000,4071
Maria,F,2000,4032
Ingrid,F,2000,3838
Sara,F,2000,3621
Anna,F,2000,3517
Malin,F,2000,3306
Sofie,F,2000,3174
Amalie,F,2000,3021
Vilde,F,2000,3018
Andrea,F,2000,2742
Frida,F,2000,2730
Tuva,F,2000,2712
Mia,F,2000,2693
Marie,F,2000,2502
Hedda,F,2000,2498
Martine,F,2000,2481
Helene,F,2000,2300
Silje,F,2000,2269
Victoria,F,2000,2252
Linnea,F,2000,2179
Hanna,F,2000,2156
Elise,F,2000,2146
Oda,F,2000,2121
Mathilde,F,2000,2025
Aurora,F,2000,1950
Maja,F,2000,1943
Mari,F,2000,1864
Mina,F,2000,1810
Maren,F,2000,1807
Hannah,F,2000,1781
Selma,F,2000,1743
Jenny,F,2000,1713
Karoline,F,2000,1572
Kristine,F,2000,1570
Eline,F,2000,1562
Sunniva,F,2000,1555
Celine,F,2000,1537
Marte,F,2000,1491
Sandra,F,2000,1442
Synne,F,2000,1433
Sarah,F,2000,1431
Kaja,F,2000,1429
Leah,F,2000,1427
Tiril,F,2000,1400
Julia,F,2000,1394
Stine,F,2000,1361
Ingeborg,F,2000,1333
Camilla,F,2000,1332
Ella,F,2000,1294
Johanne,F,2000,1281
Amanda,F,2000,1225
Pernille,F,2000,1217
Mathea,F,2000,1127
Anne,F,2000,1117
Henriette,F,2000,1107
Ane,F,2000,1081
Sigrid,F,2000,1079
Caroline,F,2000,1073
Lisa,F,2000,1041
Marthe,F,2000,1031
Dina,F,2000,1029
Celina,F,2000,995
Hanne,F,2000,966
Ronja,F,2000,950
Andrine,F,2000,910
Lea,F,2000,910
Sofia,F,2000,904
Astrid,F,2000,899
Solveig,F,2000,895
Malene,F,2000,839
Charlotte,F,2000,835
Mille,F,2000,809
Iselin,F,2000,807
Elisabeth,F,2000,800
Guro,F,2000,798
Live,F,2000,777
Natalie,F,2000,773
Alexandra,F,2000,770
Madelen,F,2000,760
Kristina,F,2000,757
Nathalie,F,2000,753
Miriam,F,2000,734
Lina,F,2000,712
Signe,F,2000,712
Rikke,F,2000,710
Kristin,F,2000,708
Michelle,F,2000,697
Helena,F,2000,692
Ada,F,2000,686
Josefine,F,2000,686
Pia,F,2000,672
Linn,F,2000,671
Ingvild,F,2000,668
Ine,F,2000,663
Eva,F,2000,658
Christina,F,2000,643
Rebekka,F,2000,637
Tina,F,2000,631
Madeleine,F,2000,625
Isabella,F,2000,622
Siri,F,2000,617
Maya,F,2000,615
Karen,F,2000,614
Olivia,F,2000,613
Emily,F,2000,608
Tonje,F,2000,602
Isabel,F,2000,598
Kine,F,2000,587
Matilde,F,2000,586
Johanna,F,2000,578
Liv,F,2000,578
Ina,F,2000,568
Erle,F,2000,564
Alva,F,2000,554
Cecilie,F,2000,550
Maiken,F,2000,546
Rebecca,F,2000,544
Helle,F,2000,540
Christine,F,2000,530
Iben,F,2000,520
Kamilla,F,2000,510
Viktoria,F,2000,510
Alma,F,2000,505
Angelica,F,2000,504
Nina,F,2000,504
Lotte,F,2000,503
Milla,F,2000,493
Ylva,F,2000,491
Benedicte,F,2000,490
Susanne,F,2000,488
Line,F,2000,486
Isabell,F,2000,482
Sanna,F,2000,482
Anniken,F,2000,469
Therese,F,2000,466
Tora,F,2000,460
Oline,F,2000,459
Kaia,F,2000,458
Agnes,F,2000,456
Mie,F,2000,453
Ragnhild,F,2000,453
Louise,F,2000,452
Lena,F,2000,435
Anette,F,2000,423
June,F,2000,419
Ellen,F,2000,414
Elin,F,2000,410
Katrine,F,2000,408
Lise,F,2000,407
Linea,F,2000,405
Tomine,F,2000,404
Eirin,F,2000,401
Lene,F,2000,398
Lilly,F,2000,398
Emilia,F,2000,395
Tilde,F,2000,392
Sanne,F,2000,391
Adele,F,2000,388
Erika,F,2000,378
Anine,F,2000,374
Maia,F,2000,374
Mariell,F,2000,370
Stella,F,2000,361
Amelia,F,2000,356
Heidi,F,2000,356
Sophie,F,2000,356
Fatima,F,2000,347
Stina,F,2000,345
Rakel,F,2000,343
Laura,F,2000,342
Karina,F,2000,341
Elena,F,2000,338
Kari,F,2000,337
Elida,F,2000,333
Marit,F,2000,332
Inger,F,2000,331
Mira,F,2000,330
Cornelia,F,2000,329
Aleksandra,F,2000,323
Hermine,F,2000,320
Marianne,F,2000,320
Isabelle,F,2000,318
Annika,F,2000,317
Eira,F,2000,315
Elina,F,2000,314
Amina,F,2000,309
Lone,F,2000,308
Vanessa,F,2000,301
Luna,F,2000,299
Hedvig,F,2000,298
Anja,F,2000,297
Wiktoria,F,2000,295
Frøya,F,2000,293
Embla,F,2000,290
Inga,F,2000,288
Melissa,F,2000,286
Iris,F,2000,282
Natalia,F,2000,281
Una,F,2000,279
Marielle,F,2000,274
Mona,F,2000,274
Cathrine,F,2000,271
Benedikte,F,2000,269
Sina,F,2000,269
Gina,F,2000,268
Carmen,F,2000,267
Marita,F,2000,267
Kaisa,F,2000,265
Nadia,F,2000,265
Elisa,F,2000,264
Synnøve,F,2000,263
Regine,F,2000,261
Ellinor,F,2000,258
Jessica,F,2000,258
Margrethe,F,2000,254
Mali,F,2000,252
Filippa,F,2000,246
Kajsa,F,2000,245
Sophia,F,2000,245
Erica,F,2000,244
Linda,F,2000,244
Bertine,F,2000,240
Marion,F,2000,235
Aisha,F,2000,234
Alina,F,2000,233
Thale,F,2000,233
Ann,F,2000,232
Vilja,F,2000,232
Veronica,F,2000,227
Cassandra,F,2000,224
Trine,F,2000,223
Alida,F,2000,220
Carina,F,2000,220
Mariam,F,2000,219
Martha,F,2000,217
Alice,F,2000,214
Marlene,F,2000,211
Tyra,F,2000,208
Elvira,F,2000,205
Lykke,F,2000,200
Renate,F,2000,199
Sol,F,2000,199
Anita,F,2000,198
Klara,F,2000,195
Nicoline,F,2000,195
Julianne,F,2000,193
Lotta,F,2000,193
Vilma,F,2000,193
Ulrikke,F,2000,191
Oliwia,F,2000,189
Iman,F,2000,187
Lovise,F,2000,186
Marta,F,2000,186
Karianne,F,2000,185
Kristiane,F,2000,185
Hilde,F,2000,182
Janne,F,2000,182
Runa,F,2000,181
Åsne,F,2000,181
Diana,F,2000,179
Yasmin,F,2000,179
Leonora,F,2000,178
Katarina,F,2000,176
Ruth,F,2000,176
Tara,F,2000,175
Marina,F,2000,174
Vera,F,2000,173
Karolina,F,2000,172
Leona,F,2000,172
Tone,F,2000,172
Tale,F,2000,171
Aya,F,2000,167
Zuzanna,F,2000,167
Fride,F,2000,164
Nicole,F,2000,164
Nikoline,F,2000,164
Wilma,F,2000,164
Jasmin,F,2000,163
Juni,F,2000,163
Kjersti,F,2000,163
Tea,F,2000,163
Ariel,F,2000,162
May,F,2000,162
Norah,F,2000,161
Zahra,F,2000,161
Lara,F,2000,160
Cecilia,F,2000,159
Lilja,F,2000,158
Maryam,F,2000,157
Fanny,F,2000,156
Juliane,F,2000,156
Kathrine,F,2000,156
Ariana,F,2000,153
Angelina,F,2000,152
Simone,F,2000,149
Liva,F,2000,148
Clara,F,2000,147
Naomi,F,2000,147
Aina,F,2000,146
Melina,F,2000,146
Birgitte,F,2000,145
Idun,F,2000,145
Jennifer,F,2000,145
Silja,F,2000,143
Selina,F,2000,142
Vanja,F,2000,142
Bettina,F,2000,141
Vårin,F,2000,141
Ana,F,2000,140
Helen,F,2000,140
Salma,F,2000,140
Thelma,F,2000,140
Rebecka,F,2000,138
Sonja,F,2000,136
Lydia,F,2000,135
Felicia,F,2000,134
Ebba,F,2000,131
Hennie,F,2000,130
Lana,F,2000,130
Samira,F,2000,130
Åse,F,2000,130
Gabriela,F,2000,129
Daniella,F,2000,127
Karine,F,2000,127
Serine,F,2000,127
Weronika,F,2000,127
Anneli,F,2000,126
Eli,F,2000,125
Saga,F,2000,125
Annie,F,2000,124
Kornelia,F,2000,124
Laila,F,2000,124
Elsa,F,2000,122
Esther,F,2000,120
Idunn,F,2000,120
Lily,F,2000,120
Othilie,F,2000,120
Paula,F,2000,120
Ragna,F,2000,120
Adriana,F,2000,119
Amy,F,2000,119
Lillian,F,2000,119
Siren,F,2000,119
Ayla,F,2000,118
Martyna,F,2000,118
Nanna,F,2000,117
Tine,F,2000,117
Veslemøy,F,2000,117
Veronika,F,2000,116
Åshild,F,2000,115
Gabriella,F,2000,114
Ingebjørg,F,2000,114
Aida,F,2000,113
Alvilde,F,2000,113
Hege,F,2000,113
Lilli,F,2000,113
Magdalena,F,2000,113
Pauline,F,2000,113
Amelie,F,2000,112
Paulina,F,2000,112
Vår,F,2000,112
Ava,F,2000,111
Fredrikke,F,2000,111
Katharina,F,2000,111
Noor,F,2000,110
Petra,F,2000,110
Daniela,F,2000,109
Irene,F,2000,109
Anastasia,F,2000,108
Margrete,F,2000,108
Jeanette,F,2000,107
Ester,F,2000,106
Henny,F,2000,106
Hana,F,2000,105
Isa,F,2000,105
Karin,F,2000,104
Marthine,F,2000,104
Alise,F,2000,103
Astri,F,2000,103
Randi,F,2000,103
Dorthe,F,2000,102
Malena,F,2000,100
Margit,F,2000,100
Christiane,F,2000,99
Zara,F,2000,99
Elizabeth,F,2000,98
Helin,F,2000,98
Matilda,F,2000,98
Sabrina,F,2000,98
Tia,F,2000,98
Zainab,F,2000,98
Agathe,F,2000,97
Evelyn,F,2000,97
Nikola,F,2000,96
Sienna,F,2000,96
Evelina,F,2000,95
Sumaya,F,2000,95
Vivian,F,2000,95
Bianca,F,2000,93
Dorthea,F,2000,93
Josephine,F,2000,93
Monica,F,2000,93
Edel,F,2000,92
Mary,F,2000,92
Nour,F,2000,92
Siril,F,2000,92
Jennie,F,2000,91
Mariel,F,2000,91
Siv,F,2000,91
Tirill,F,2000,91
Katja,F,2000,90
Madelene,F,2000,90
Olea,F,2000,90
Nelly,F,2000,89
Amal,F,2000,88
Ingunn,F,2000,88
Sidra,F,2000,88
Ailin,F,2000,87
Hafsa,F,2000,86
Najma,F,2000,86
Serina,F,2000,86
Yvonne,F,2000,86
Beate,F,2000,85
Betina,F,2000,85
Seline,F,2000,85
Amira,F,2000,84
Beatrice,F,2000,84
Fiona,F,2000,84
Henrikke,F,2000,84
Klaudia,F,2000,84
Sine,F,2000,84
Vilje,F,2000,84
Emine,F,2000,82
Enya,F,2000,82
Natasha,F,2000,82
Jasmine,F,2000,81
Katinka,F,2000,81
Mai,F,2000,81
Rachel,F,2000,80
Angela,F,2000,79
Eir,F,2000,79
Emmy,F,2000,79
Khadija,F,2000,79
Marwa,F,2000,79
Else,F,2000,78
Greta,F,2000,78
Angelika,F,2000,77
Mette,F,2000,77
Rita,F,2000,77
Alette,F,2000,76
Berit,F,2000,76
Emely,F,2000,76
Martina,F,2000,76
Patrycja,F,2000,76
Kira,F,2000,75
Sana,F,2000,75
Eivor,F,2000,74
Eliza,F,2000,73
Mathilda,F,2000,73
Alicia,F,2000,72
Anisa,F,2000,72
Ingri,F,2000,72
Monika,F,2000,72
Thilde,F,2000,72
Vibeke,F,2000,72
Alisa,F,2000,71
Dominika,F,2000,71
Gabriele,F,2000,71
Gunhild,F,2000,71
Jannicke,F,2000,71
Eiril,F,2000,70
Ines,F,2000,70
Aylin,F,2000,69
Hala,F,2000,69
Milena,F,2000,69
Iqra,F,2000,68
Lill,F,2000,68
Susanna,F,2000,68
Valentina,F,2000,68
Emelie,F,2000,67
Emilija,F,2000,67
Molly,F,2000,67
Amna,F,2000,66
Hanan,F,2000,66
Jorunn,F,2000,66
Leila,F,2000,66
Marlen,F,2000,66
Muna,F,2000,66
Rania,F,2000,66
Alicja,F,2000,65
Otilie,F,2000,65
Alba,F,2000,64
Eileen,F,2000,64
Ramona,F,2000,64
Samantha,F,2000,64
Eirill,F,2000,63
Helga,F,2000,63
Katrina,F,2000,63
Viola,F,2000,63
Gabrielle,F,2000,62
Ingelin,F,2000,62
Susann,F,2000,62
Daria,F,2000,61
Ea,F,2000,61
Edith,F,2000,61
Jana,F,2000,61
Tilla,F,2000,60
Elle,F,2000,59
Jeanett,F,2000,58
Malak,F,2000,58
Nada,F,2000,58
Zoe,F,2000,58
Freya,F,2000,57
Terese,F,2000,57
Vida,F,2000,57
Åsa,F,2000,56
Agnete,F,2000,55
Ayan,F,2000,55
Emina,F,2000,55
Frøydis,F,2000,55
Annette,F,2000,53
Mariann,F,2000,53
Nadine,F,2000,53
Ema,F,2000,52
Maud,F,2000,52
Siham,F,2000,52
Amalia,F,2000,51
Elen,F,2000,51
Stephanie,F,2000,51
Thora,F,2000,51
Asma,F,2000,50
Ingerid,F,2000,50
Sahra,F,2000,50
Catharina,F,2000,49
Guri,F,2000,49
Hiba,F,2000,49
Ingvill,F,2000,49
Viktorija,F,2000,49
Agnethe,F,2000,48
Tamara,F,2000,48
Trude,F,2000,48
Lucy,F,2000,47
Miranda,F,2000,47
Naima,F,2000,47
Rose,F,2000,47
Elisabet,F,2000,46
Lucia,F,2000,46
Sahar,F,2000,46
Sigrun,F,2000,46
Hamdi,F,2000,45
Theresa,F,2000,45
Une,F,2000,45
Aline,F,2000,44
Bjørg,F,2000,44
Fatma,F,2000,44
Kelly,F,2000,44
Maryan,F,2000,44
Ragne,F,2000,44
Celia,F,2000,43
Dagny,F,2000,43
Eilin,F,2000,43
Gyda,F,2000,43
Jenni,F,2000,43
Kinga,F,2000,43
Rahma,F,2000,43
Elea,F,2000,42
Mirjam,F,2000,42
Savannah,F,2000,42
Tove,F,2000,42
Zofia,F,2000,42
Kirsten,F,2000,41
Halima,F,2000,40
Irmelin,F,2000,40
Kathinka,F,2000,40
Leni,F,2000,40
Magnhild,F,2000,40
Leyla,F,2000,39
Anny,F,2000,38
Dana,F,2000,38
Judith,F,2000,38
Juliana,F,2000,38
Rina,F,2000,38
Bella,F,2000,37
Edda,F,2000,37
Emmeline,F,2000,37
Farah,F,2000,37
Jannike,F,2000,37
Marija,F,2000,37
Othelie,F,2000,37
Tanja,F,2000,37
Carla,F,2000,36
Abigail,F,2000,35
Kim,F,2000,35
Merete,F,2000,35
My,F,2000,34
Claudia,F,2000,33
Gunn,F,2000,33
Ninni,F,2000,33
Regina,F,2000,33
Joanna,F,2000,32
Medina,F,2000,32
Nadja,F,2000,32
Patricia,F,2000,32
Sabina,F,2000,32
Simona,F,2000,32
Zeinab,F,2000,32
Eden,F,2000,31
Elinor,F,2000,31
Jasmina,F,2000,31
Kamila,F,2000,31
Kate,F,2000,31
Melanie,F,2000,31
Melinda,F,2000,31
Birgit,F,2000,30
Brita,F,2000,30
Gro,F,2000,30
Sonia,F,2000,30
Suzanne,F,2000,30
Aileen,F,2000,29
Annbjørg,F,2000,29
Cindy,F,2000,29
Deborah,F,2000,29
Hodan,F,2000,29
Olga,F,2000,29
Ulla,F,2000,29
Agata,F,2000,28
Borghild,F,2000,28
Grace,F,2000,28
Jane,F,2000,28
Liana,F,2000,28
Asta,F,2000,27
Azra,F,2000,27
Bente,F,2000,27
Emmeli,F,2000,27
Frid,F,2000,27
Gunnhild,F,2000,27
Kirsti,F,2000,27
Nellie,F,2000,27
Thi,F,2000,27
Elma,F,2000,26
Grete,F,2000,26
Sofija,F,2000,26
Turid,F,2000,26
Carolina,F,2000,25
Gøril,F,2000,25
Huda,F,2000,25
Kristi,F,2000,25
Annabelle,F,2000,24
Aud,F,2000,24
Lisbeth,F,2000,24
Adelina,F,2000,23
Aslaug,F,2000,23
Grethe,F,2000,23
Katarzyna,F,2000,23
Katrin,F,2000,23
Lidia,F,2000,23
Mila,F,2000,23
Nancy,F,2000,23
Reidun,F,2000,23
Bushra,F,2000,22
Christel,F,2000,22
Olava,F,2000,22
Elly,F,2000,21
Margaret,F,2000,21
Silvia,F,2000,21
Torunn,F,2000,21
Antonia,F,2000,20
Irma,F,2000,20
Solfrid,F,2000,20
Unni,F,2000,20
Wenche,F,2000,20
Birthe,F,2000,19
Ellie,F,2000,19
Ingvil,F,2000,19
Irina,F,2000,19
Karla,F,2000,19
Kitty,F,2000,19
Sissel,F,2000,19
Solvår,F,2000,19
Anni,F,2000,18
Eilen,F,2000,18
Gloria,F,2000,18
Merethe,F,2000,18
Nova,F,2000,18
Aase,F,2000,17
Eliana,F,2000,17
Gjertrud,F,2000,17
Hatice,F,2000,17
Hilda,F,2000,17
Jamila,F,2000,17
Michaela,F,2000,17
Rabia,F,2000,17
Adelen,F,2000,16
Dalia,F,2000,16
Eleah,F,2000,16
Evy,F,2000,16
Fadumo,F,2000,16
Gunvor,F,2000,16
Hulda,F,2000,16
Liza,F,2000,16
Maylen,F,2000,16
Saba,F,2000,16
Tatiana,F,2000,16
Lin,F,2000,15
Norunn,F,2000,15
Sylvia,F,2000,15
Belinda,F,2000,14
Birte,F,2000,14
Cristina,F,2000,14
Desiree,F,2000,14
Edle,F,2000,14
Gudrun,F,2000,14
Liliana,F,2000,14
Sabine,F,2000,14
Asha,F,2000,13
Ayse,F,2000,13
Jette,F,2000,13
Jorid,F,2000,13
Ngoc,F,2000,13
Tanya,F,2000,13
Gry,F,2000,12
Izabela,F,2000,12
Katherine,F,2000,12
Olaug,F,2000,12
Rana,F,2000,12
Åsta,F,2000,12
Anne-Marie,F,2000,11
Anne-Sofie,F,2000,11
Catherine,F,2000,11
Connie,F,2000,11
Fatemeh,F,2000,11
Gine,F,2000,11
Malika,F,2000,11
Rosa,F,2000,11
Susan,F,2000,11
Teresa,F,2000,11
Christin,F,2000,10
Herborg,F,2000,10
Livia,F,2000,10
Mariana,F,2000,10
Safia,F,2000,10
Selam,F,2000,10
Valeria,F,2000,10
Ann-Helen,F,2000,9
Gerd,F,2000,9
Ivana,F,2000,9
Jelena,F,2000,9
Svanhild,F,2000,9
Tordis,F,2000,9
Wendy,F,2000,9
Brit,F,2000,8
Haldis,F,2000,8
Ieva,F,2000,8
Kjerstin,F,2000,8
Margarita,F,2000,8
Sadia,F,2000,8
Solvor,F,2000,8
Carine,F,2000,7
Catrine,F,2000,7
Britt,F,2000,6
Gerda,F,2000,6
Janicke,F,2000,6
Sharon,F,2000,6
Borgny,F,2000,5
Ekaterina,F,2000,5
Herdis,F,2000,5
Inger-Lise,F,2000,5
Marian,F,2000,5
Rannveig,F,2000,5
Shirin,F,2000,5
Solrun,F,2000,5
Vigdis,F,2000,5
Agnieszka,F,2000,4
Anne-Lise,F,2000,4
Aria,F,2000,4
Barbara,F,2000,4
Beathe,F,2000,4
Betty,F,2000,4
Edna,F,2000,4
Erna,F,2000,4
Inghild,F,2000,4
Ingjerd,F,2000,4
Janita,F,2000,4
Jill,F,2000,4
Kristel,F,2000,4
Lilian,F,2000,4
Ma,F,2000,4
Margot,F,2000,4
Målfrid,F,2000,4
Rahel,F,2000,4
Renata,F,2000,4
Rigmor,F,2000,4
Rut,F,2000,4
Tatjana,F,2000,4
Thanh,F,2000,4
Thuy,F,2000,4
Torill,F,2000,4
Vivi,F,2000,4
Wanja,F,2000,4
Jonas,M,2000,4873
Mathias,M,2000,4677
Andreas,M,2000,4670
Martin,M,2000,4603
Sander,M,2000,4489
Daniel,M,2000,4462
Magnus,M,2000,4313
Henrik,M,2000,4247
Tobias,M,2000,4229
Emil,M,2000,4012
Adrian,M,2000,3936
Sebastian,M,2000,3782
Marius,M,2000,3467
Elias,M,2000,3465
Kristian,M,2000,3110
Sondre,M,2000,3085
Fredrik,M,2000,3078
Benjamin,M,2000,3060
Thomas,M,2000,2983
Oliver,M,2000,2978
Markus,M,2000,2930
Alexander,M,2000,2880
William,M,2000,2710
Kristoffer,M,2000,2582
Simen,M,2000,2552
Ole,M,2000,2548
Eirik,M,2000,2488
Erik,M,2000,2362
Marcus,M,2000,2321
Lars,M,2000,2311
Noah,M,2000,2289
Isak,M,2000,2210
Johannes,M,2000,2104
Håkon,M,2000,2046
Christian,M,2000,1980
Jørgen,M,2000,1946
Sindre,M,2000,1945
Jakob,M,2000,1929
Anders,M,2000,1855
Even,M,2000,1842
Aleksander,M,2000,1837
Herman,M,2000,1716
Mats,M,2000,1669
Oskar,M,2000,1635
Lukas,M,2000,1626
David,M,2000,1619
Joakim,M,2000,1550
Sigurd,M,2000,1526
Nikolai,M,2000,1525
Lucas,M,2000,1498
Kasper,M,2000,1497
Simon,M,2000,1494
Kevin,M,2000,1475
Trym,M,2000,1431
Filip,M,2000,1403
Vetle,M,2000,1399
Vegard,M,2000,1385
Håvard,M,2000,1378
Stian,M,2000,1368
Jonathan,M,2000,1362
Petter,M,2000,1335
Julian,M,2000,1334
Oscar,M,2000,1306
Erlend,M,2000,1289
Theodor,M,2000,1257
Leon,M,2000,1239
Jesper,M,2000,1231
Johan,M,2000,1209
Robin,M,2000,1199
Ola,M,2000,1195
Brage,M,2000,1169
Aksel,M,2000,1152
Gabriel,M,2000,1150
Sivert,M,2000,1140
Odin,M,2000,1131
Olav,M,2000,1118
Mikkel,M,2000,1097
Christoffer,M,2000,1095
Jacob,M,2000,1091
Philip,M,2000,1040
Hans,M,2000,1038
Mads,M,2000,1012
Eskil,M,2000,978
Casper,M,2000,969
Nicolai,M,2000,941
Eivind,M,2000,924
Iver,M,2000,922
Dennis,M,2000,918
Felix,M,2000,899
John,M,2000,876
Jens,M,2000,864
Patrick,M,2000,861
August,M,2000,840
Mohammad,M,2000,840
Leo,M,2000,815
Leander,M,2000,814
Victor,M,2000,811
Jon,M,2000,810
Jan,M,2000,805
Mikael,M,2000,805
Peder,M,2000,795
Morten,M,2000,751
Sverre,M,2000,751
Ulrik,M,2000,749
Niklas,M,2000,748
Linus,M,2000,747
Adam,M,2000,744
Espen,M,2000,743
Andre,M,2000,738
Aron,M,2000,738
Ruben,M,2000,738
Theo,M,2000,725
Bjørn,M,2000,712
Edvard,M,2000,706
Samuel,M,2000,687
Amund,M,2000,666
Birk,M,2000,659
Michael,M,2000,647
Tor,M,2000,644
Viktor,M,2000,641
Ali,M,2000,639
Peter,M,2000,627
Joachim,M,2000,592
Knut,M,2000,583
Mohamed,M,2000,583
Max,M,2000,581
Ludvig,M,2000,568
Mohammed,M,2000,566
Bendik,M,2000,562
Karl,M,2000,562
Per,M,2000,545
Haakon,M,2000,542
Liam,M,2000,542
Einar,M,2000,541
Lasse,M,2000,531
Teodor,M,2000,531
Christopher,M,2000,514
Matias,M,2000,507
Ask,M,2000,499
Endre,M,2000,495
Kim,M,2000,492
Nils,M,2000,492
Fabian,M,2000,489
Steffen,M,2000,484
Vebjørn,M,2000,484
Truls,M,2000,479
Storm,M,2000,461
Axel,M,2000,459
Gustav,M,2000,459
Jonatan,M,2000,458
Nicholas,M,2000,454
Ahmed,M,2000,447
Anton,M,2000,444
Rasmus,M,2000,440
Preben,M,2000,435
Harald,M,2000,426
Albert,M,2000,421
Ahmad,M,2000,412
Carl,M,2000,407
Øyvind,M,2000,405
Henning,M,2000,402
Trygve,M,2000,402
Ludvik,M,2000,401
Halvor,M,2000,396
Sigve,M,2000,395
Didrik,M,2000,393
Heine,M,2000,375
Mohamad,M,2000,372
Gard,M,2000,367
Bjørnar,M,2000,366
Tord,M,2000,365
Ibrahim,M,2000,360
Erling,M,2000,357
Arne,M,2000,356
Torjus,M,2000,354
Ørjan,M,2000,353
Viljar,M,2000,352
Ådne,M,2000,341
Tom,M,2000,333
Nicolay,M,2000,332
Jakub,M,2000,331
Tommy,M,2000,324
Ivar,M,2000,323
Tomas,M,2000,317
Vemund,M,2000,314
Tim,M,2000,311
Snorre,M,2000,309
Gaute,M,2000,308
Alfred,M,2000,303
Nicklas,M,2000,303
Omar,M,2000,303
Nathaniel,M,2000,302
Muhammad,M,2000,299
Torstein,M,2000,299
Torbjørn,M,2000,297
Audun,M,2000,293
Robert,M,2000,290
Jostein,M,2000,286
Georg,M,2000,284
Nicolas,M,2000,283
Phillip,M,2000,281
Kenneth,M,2000,275
Øystein,M,2000,266
Thor,M,2000,265
Kacper,M,2000,264
Konrad,M,2000,260
Jo,M,2000,254
Aslak,M,2000,245
Patrik,M,2000,243
Paul,M,2000,242
Chris,M,2000,239
Alex,M,2000,237
Brede,M,2000,237
Matheo,M,2000,237
Edvin,M,2000,234
Abdirahman,M,2000,233
Eric,M,2000,233
Syver,M,2000,233
Stefan,M,2000,228
Jone,M,2000,226
Hassan,M,2000,224
Hamza,M,2000,223
Åsmund,M,2000,216
Bastian,M,2000,214
Mattis,M,2000,214
Amir,M,2000,213
Are,M,2000,213
Pål,M,2000,212
Sean,M,2000,212
Abdul,M,2000,211
Ivan,M,2000,210
Arian,M,2000,208
Hallvard,M,2000,207
Mikal,M,2000,207
Mustafa,M,2000,205
Tristan,M,2000,205
Runar,M,2000,202
Ferdinand,M,2000,201
Leonard,M,2000,199
Richard,M,2000,198
Kjetil,M,2000,197
Abdullah,M,2000,196
Christer,M,2000,195
Odd,M,2000,190
Tage,M,2000,188
Scott,M,2000,185
Henry,M,2000,184
Joel,M,2000,182
Svein,M,2000,179
Leif,M,2000,178
Brian,M,2000,176
Karsten,M,2000,176
Vegar,M,2000,176
Isac,M,2000,172
Mattias,M,2000,171
Tony,M,2000,171
Tore,M,2000,171
Arthur,M,2000,169
Magne,M,2000,166
Levi,M,2000,165
Olai,M,2000,165
Hermann,M,2000,164
Kjell,M,2000,164
Finn,M,2000,163
Nikolas,M,2000,162
Mateusz,M,2000,160
Asbjørn,M,2000,159
Imre,M,2000,159
Sjur,M,2000,159
Morgan,M,2000,156
Fillip,M,2000,155
Gunnar,M,2000,155
Olve,M,2000,155
Edward,M,2000,154
Tarjei,M,2000,154
Trond,M,2000,154
Halvard,M,2000,153
Marco,M,2000,152
Vincent,M,2000,152
Noa,M,2000,150
Balder,M,2000,149
Tormod,M,2000,149
Steinar,M,2000,147
Alan,M,2000,146
Ismail,M,2000,145
Aaron,M,2000,144
Elliot,M,2000,143
Remi,M,2000,143
Troy,M,2000,143
Loke,M,2000,140
Rolf,M,2000,139
Dawid,M,2000,138
Josef,M,2000,138
Rune,M,2000,138
Bilal,M,2000,137
Wilhelm,M,2000,136
Maximilian,M,2000,134
Niclas,M,2000,133
Torje,M,2000,133
Anas,M,2000,132
Luka,M,2000,132
Bror,M,2000,131
Emre,M,2000,131
Olaf,M,2000,131
Bo,M,2000,130
Cornelius,M,2000,129
Dan,M,2000,126
Hussein,M,2000,126
Teo,M,2000,126
Frederik,M,2000,125
Joshua,M,2000,125
Julius,M,2000,125
Jonah,M,2000,123
Abdullahi,M,2000,121
Alf,M,2000,121
Luca,M,2000,120
Alvin,M,2000,118
Isåc,M,2000,118
Khalid,M,2000,118
Hauk,M,2000,117
Joar,M,2000,117
Atle,M,2000,116
Helge,M,2000,116
Michal,M,2000,115
Dag,M,2000,114
Marcel,M,2000,114
Emanuel,M,2000,113
Glenn,M,2000,113
Patryk,M,2000,113
Kai,M,2000,111
Szymon,M,2000,110
Eskild,M,2000,109
Lauritz,M,2000,109
Wiktor,M,2000,109
Colin,M,2000,107
Conrad,M,2000,107
Abel,M,2000,106
Dominik,M,2000,105
Ian,M,2000,105
Kent,M,2000,105
Krister,M,2000,105
Sølve,M,2000,105
Martinus,M,2000,104
Zakaria,M,2000,104
Emilian,M,2000,103
Martinius,M,2000,103
Yusuf,M,2000,103
Yousef,M,2000,102
Bård,M,2000,100
Stein,M,2000,99
Hugo,M,2000,98
Sven,M,2000,98
Frank,M,2000,97
Geir,M,2000,97
Laurits,M,2000,97
Arman,M,2000,96
Aryan,M,2000,96
Muhammed,M,2000,96
Vidar,M,2000,96
Antonio,M,2000,95
Kornelius,M,2000,95
Pelle,M,2000,95
Jarle,M,2000,94
Adnan,M,2000,93
Amin,M,2000,93
Emrik,M,2000,93
Nikolay,M,2000,93
Terje,M,2000,92
Jarand,M,2000,91
Jeppe,M,2000,91
Otto,M,2000,91
Jøran,M,2000,90
Sigmund,M,2000,90
Torgeir,M,2000,90
James,M,2000,89
Mika,M,2000,89
Mons,M,2000,89
Said,M,2000,89
Stig,M,2000,88
Torben,M,2000,88
Gjermund,M,2000,87
Hasan,M,2000,87
Mahamed,M,2000,87
Mahmoud,M,2000,87
Denis,M,2000,86
Ken,M,2000,86
Sam,M,2000,85
Ragnar,M,2000,84
Brynjar,M,2000,81
Johann,M,2000,81
Lavrans,M,2000,81
Mikolaj,M,2000,80
Anthony,M,2000,79
Matheus,M,2000,79
Børge,M,2000,78
Silas,M,2000,78
Arild,M,2000,77
Bernhard,M,2000,77
Damian,M,2000,76
Egil,M,2000,76
Jack,M,2000,76
Mateo,M,2000,76
Rayan,M,2000,76
Falk,M,2000,75
Jim,M,2000,74
Marko,M,2000,74
Ove,M,2000,74
Maciej,M,2000,73
Ravn,M,2000,72
Tarald,M,2000,72
Arvid,M,2000,71
Igor,M,2000,71
Melvin,M,2000,71
Rafael,M,2000,71
Asgeir,M,2000,70
Bartosz,M,2000,70
Mahdi,M,2000,70
Matas,M,2000,70
Matteo,M,2000,70
Rene,M,2000,70
Yasin,M,2000,70
Milan,M,2000,69
Osman,M,2000,69
Sami,M,2000,69
Arn,M,2000,68
Fredrick,M,2000,68
Jørn,M,2000,68
Kamil,M,2000,68
Njål,M,2000,68
Sigbjørn,M,2000,68
Mark,M,2000,67
Piotr,M,2000,67
Sturla,M,2000,67
Håvar,M,2000,66
Ilyas,M,2000,66
Nataniel,M,2000,66
Jimmy,M,2000,65
Joseph,M,2000,65
Kian,M,2000,65
Timian,M,2000,65
Dani,M,2000,64
Khaled,M,2000,64
Louis,M,2000,64
Noel,M,2000,64
Pawel,M,2000,64
Arnt,M,2000,63
Bjarne,M,2000,63
Juan,M,2000,63
Maksymilian,M,2000,63
Cato,M,2000,62
Emmanuel,M,2000,62
Luis,M,2000,62
Malik,M,2000,62
Reidar,M,2000,62
Steven,M,2000,62
Torgrim,M,2000,62
Abdallah,M,2000,61
Kyrre,M,2000,61
Abdulrahman,M,2000,60
Ammar,M,2000,60
Armin,M,2000,60
Birger,M,2000,60
Carlos,M,2000,60
Johnny,M,2000,60
Kenny,M,2000,60
Salman,M,2000,60
Emilio,M,2000,59
Ryan,M,2000,59
Jean,M,2000,58
Justin,M,2000,58
Neo,M,2000,58
Torkel,M,2000,58
Edgar,M,2000,57
Mario,M,2000,57
Idar,M,2000,56
Krystian,M,2000,56
Leonardo,M,2000,56
Edwin,M,2000,55
Eldar,M,2000,55
Mikail,M,2000,55
Nikola,M,2000,55
Roy,M,2000,55
Severin,M,2000,55
Syed,M,2000,55
Erland,M,2000,54
Matthew,M,2000,54
Sveinung,M,2000,54
Ben,M,2000,53
Emir,M,2000,53
Hubert,M,2000,53
Samir,M,2000,53
Ayman,M,2000,52
Frode,M,2000,52
Jardar,M,2000,52
Nathan,M,2000,52
Walid,M,2000,52
Mostafa,M,2000,51
Remy,M,2000,51
Yngve,M,2000,50
Youssef,M,2000,50
Abdi,M,2000,49
Aleksandar,M,2000,49
Ari,M,2000,49
Jaran,M,2000,49
Liban,M,2000,49
Rikard,M,2000,49
Thorbjørn,M,2000,49
Kjartan,M,2000,48
Ailo,M,2000,47
Eilif,M,2000,47
Fridtjof,M,2000,47
Inge,M,2000,47
Joacim,M,2000,47
Oddvar,M,2000,47
Caspian,M,2000,46
Mahad,M,2000,46
Karol,M,2000,45
Amar,M,2000,44
Frans,M,2000,44
Mio,M,2000,44
Natan,M,2000,44
Kåre,M,2000,43
Mehdi,M,2000,43
Omid,M,2000,43
Borgar,M,2000,42
Ivo,M,2000,42
Ottar,M,2000,42
Rami,M,2000,42
Yosef,M,2000,42
Andres,M,2000,41
Andrew,M,2000,41
Arvin,M,2000,41
Eliah,M,2000,41
Gøran,M,2000,41
Raymond,M,2000,41
Artur,M,2000,40
Danny,M,2000,40
Jarl,M,2000,40
Khalil,M,2000,40
Roar,M,2000,40
Roger,M,2000,40
Hadi,M,2000,39
Isa,M,2000,39
Abraham,M,2000,38
Hogne,M,2000,38
Milian,M,2000,38
Stephan,M,2000,38
Jørund,M,2000,37
Magnar,M,2000,37
Miguel,M,2000,37
Yahya,M,2000,37
Karim,M,2000,36
Ole-Martin,M,2000,36
Selmer,M,2000,36
Charlie,M,2000,35
Hjalmar,M,2000,35
Ole-Kristian,M,2000,35
Ronny,M,2000,35
Samson,M,2000,35
Imran,M,2000,34
Oddbjørn,M,2000,34
Antoni,M,2000,33
Hussain,M,2000,33
Jason,M,2000,33
Mehmet,M,2000,33
Thorvald,M,2000,33
Tomasz,M,2000,33
Arve,M,2000,32
Charles,M,2000,32
Dominic,M,2000,32
Eilert,M,2000,32
Ingar,M,2000,32
Torkil,M,2000,32
Haris,M,2000,31
Jamal,M,2000,30
Minh,M,2000,30
Aiden,M,2000,29
Allan,M,2000,29
Bjarte,M,2000,29
Elling,M,2000,29
Lennart,M,2000,29
Lyder,M,2000,29
Varg,M,2000,29
Hamid,M,2000,28
Lukasz,M,2000,28
Ståle,M,2000,28
Ahmet,M,2000,27
Alejandro,M,2000,27
Torvald,M,2000,27
Yonas,M,2000,27
Aram,M,2000,26
Bruno,M,2000,26
Olivier,M,2000,26
Sigvart,M,2000,26
Waldemar,M,2000,26
Adil,M,2000,25
Asle,M,2000,25
Robel,M,2000,25
Valentin,M,2000,25
Øivind,M,2000,25
Malvin,M,2000,24
Marc,M,2000,24
Marvin,M,2000,24
Mike,M,2000,24
Diego,M,2000,23
Haavard,M,2000,23
Rino,M,2000,23
Usman,M,2000,23
Vilhelm,M,2000,23
Bernt,M,2000,22
Fred,M,2000,22
Helmer,M,2000,22
Roman,M,2000,22
Abbas,M,2000,21
Florian,M,2000,21
Gorm,M,2000,21
Jose,M,2000,21
Mantas,M,2000,21
Timothy,M,2000,21
Alexandru,M,2000,20
Edmund,M,2000,20
George,M,2000,20
Matthias,M,2000,20
Roald,M,2000,20
Saleh,M,2000,20
Bartlomiej,M,2000,19
Edin,M,2000,19
Franciszek,M,2000,19
Hilmar,M,2000,19
Tellef,M,2000,19
Esten,M,2000,18
Sten,M,2000,18
Carsten,M,2000,17
Kim-Andre,M,2000,17
Niels,M,2000,17
Paal,M,2000,17
Thorstein,M,2000,17
Deividas,M,2000,16
Farhad,M,2000,16
Ingebrigt,M,2000,16
Ingvar,M,2000,16
Kristen,M,2000,16
Viggo,M,2000,16
Willy,M,2000,16
Wilmer,M,2000,16
Adem,M,2000,15
Andrej,M,2000,15
Haldor,M,2000,15
Kennet,M,2000,15
Klaus,M,2000,15
Kurt,M,2000,15
Pedro,M,2000,15
Skjalg,M,2000,15
Wojciech,M,2000,15
Amer,M,2000,14
Anwar,M,2000,14
Bernard,M,2000,14
Idris,M,2000,14
Krzysztof,M,2000,14
Lars-Erik,M,2000,14
Manuel,M,2000,14
Toralf,M,2000,14
Adel,M,2000,13
Bogdan,M,2000,13
Martynas,M,2000,13
Seyed,M,2000,13
Boris,M,2000,12
Torger,M,2000,12
Andrei,M,2000,11
Joao,M,2000,11
Mathis,M,2000,11
Reza,M,2000,11
Rudi,M,2000,11
Francis,M,2000,10
Halfdan,M,2000,10
Ole-Christian,M,2000,10
Stephen,M,2000,10
Torfinn,M,2000,10
Amanuel,M,2000,9
Guttorm,M,2000,9
Ingmar,M,2000,9
Kato,M,2000,9
Norbert,M,2000,9
Tønnes,M,2000,9
Walter,M,2000,9
Abdulkadir,M,2000,8
Bent,M,2000,8
Cristian,M,2000,8
Francisco,M,2000,8
Hallgeir,M,2000,8
Ingve,M,2000,8
Jomar,M,2000,8
Milos,M,2000,8
Oddmund,M,2000,8
Ole-Jørgen,M,2000,8
Omer,M,2000,8
Van,M,2000,8
Frithjof,M,2000,7
Karolis,M,2000,7
Claus,M,2000,5
Jonny,M,2000,5
Marek,M,2000,5
Przemyslaw,M,2000,5
Stanislaw,M,2000,5
Svend,M,2000,5
Ted,M,2000,5
Thanh,M,2000,5
Aage,M,2000,4
Agnar,M,2000,4
Aleksandr,M,2000,4
Arkadiusz,M,2000,4
Arnstein,M,2000,4
Baard,M,2000,4
Constantin,M,2000,4
Darius,M,2000,4
Dawit,M,2000,4
Esben,M,2000,4
Faisal,M,2000,4
Fernando,M,2000,4
Flemming,M,2000,4
Gerhard,M,2000,4
Gisle,M,2000,4
Gudbrand,M,2000,4
Gudmund,M,2000,4
Kamal,M,2000,4
Karstein,M,2000,4
Kolbjørn,M,2000,4
Leiv,M,2000,4
Lorentz,M,2000,4
Marcin,M,2000,4
Ole-Petter,M,2000,4
Osvald,M,2000,4
Radoslaw,M,2000,4
Rafal,M,2000,4
Roland,M,2000,4
Ronald,M,2000,4
Tadas,M,2000,4
Thore,M,2000,4
Toni,M,2000,4
Torleif,M,2000,4
Ulf,M,2000,4
Vladimir,M,2000,4
Åge,M,2000,4
Emma,F,2010,4386
Nora,F,2010,4060
Sofie,F,2010,3346
Emilie,F,2010,3230
Ingrid,F,2010,3095
Ella,F,2010,3046
Anna,F,2010,2933
Olivia,F,2010,2833
Thea,F,2010,2809
Ida,F,2010,2748
Amalie,F,2010,2744
Sara,F,2010,2649
Mia,F,2010,2602
Linnea,F,2010,2568
Julie,F,2010,2566
Frida,F,2010,2478
Leah,F,2010,2287
Sofia,F,2010,2276
Vilde,F,2010,2275
Aurora,F,2010,2154
Jenny,F,2010,2150
Maria,F,2010,2142
Maja,F,2010,2079
Hedda,F,2010,2060
Tuva,F,2010,2048
Mathilde,F,2010,1931
Alma,F,2010,1917
Tiril,F,2010,1914
Selma,F,2010,1873
Marie,F,2010,1867
Victoria,F,2010,1820
Oda,F,2010,1751
Hanna,F,2010,1678
Ada,F,2010,1603
Lilly,F,2010,1580
Elise,F,2010,1558
Amanda,F,2010,1549
Eline,F,2010,1541
Live,F,2010,1481
Astrid,F,2010,1434
Julia,F,2010,1389
Sigrid,F,2010,1319
Eva,F,2010,1306
Mari,F,2010,1264
Mina,F,2010,1261
Mathea,F,2010,1251
Malin,F,2010,1248
Andrea,F,2010,1246
Martine,F,2010,1246
Mille,F,2010,1236
Pernille,F,2010,1231
Iben,F,2010,1205
Celine,F,2010,1096
Mie,F,2010,1096
Isabella,F,2010,1092
Alva,F,2010,1077
Signe,F,2010,1077
Sarah,F,2010,1072
Oline,F,2010,1064
Agnes,F,2010,1063
Amelia,F,2010,1060
Josefine,F,2010,1051
Johanne,F,2010,1047
Emily,F,2010,1041
Ellinor,F,2010,1008
Hannah,F,2010,994
Solveig,F,2010,943
Sunniva,F,2010,927
Ronja,F,2010,910
Kaja,F,2010,908
Synne,F,2010,906
Helene,F,2010,904
Ylva,F,2010,895
Emilia,F,2010,891
Saga,F,2010,843
Ingeborg,F,2010,841
Liv,F,2010,838
Sophia,F,2010,836
Sanna,F,2010,804
Erle,F,2010,798
Maya,F,2010,788
Stella,F,2010,778
Hermine,F,2010,774
Lykke,F,2010,765
Karoline,F,2010,760
Johanna,F,2010,750
Luna,F,2010,742
Lea,F,2010,727
Lotte,F,2010,710
Maren,F,2010,693
Louise,F,2010,674
Vilja,F,2010,661
Tomine,F,2010,660
Milla,F,2010,657
Eira,F,2010,649
Lina,F,2010,646
Elida,F,2010,642
Helena,F,2010,640
Nathalie,F,2010,634
Ane,F,2010,633
Madelen,F,2010,623
Alexandra,F,2010,611
Tilde,F,2010,609
Elvira,F,2010,603
Matilde,F,2010,595
Ellie,F,2010,585
Cornelia,F,2010,579
Klara,F,2010,579
Anne,F,2010,578
Maiken,F,2010,574
Elena,F,2010,572
Celina,F,2010,570
Lisa,F,2010,566
Charlotte,F,2010,558
Isabell,F,2010,552
Sonja,F,2010,545
Filippa,F,2010,541
Lena,F,2010,538
Silje,F,2010,536
Hennie,F,2010,529
Alina,F,2010,520
Helle,F,2010,506
Iris,F,2010,505
Hedvig,F,2010,500
Sophie,F,2010,498
Pia,F,2010,497
Kristine,F,2010,491
Natalie,F,2010,485
Adele,F,2010,480
Leonora,F,2010,473
Frøya,F,2010,465
Caroline,F,2010,459
Lily,F,2010,446
Elina,F,2010,441
Laura,F,2010,439
Dina,F,2010,433
Elisabeth,F,2010,431
Isabel,F,2010,430
Michelle,F,2010,429
Lilja,F,2010,427
Miriam,F,2010,423
Malene,F,2010,417
Vilma,F,2010,416
Aria,F,2010,414
Viktoria,F,2010,413
Sandra,F,2010,412
Rikke,F,2010,409
Fatima,F,2010,401
Maia,F,2010,399
Linea,F,2010,397
Thale,F,2010,393
Mali,F,2010,387
Marte,F,2010,387
Ava,F,2010,385
Ebba,F,2010,382
Mila,F,2010,382
Vanessa,F,2010,379
Angelica,F,2010,377
Madeleine,F,2010,376
Lotta,F,2010,373
Amina,F,2010,370
Emine,F,2010,369
Ingvild,F,2010,369
Rakel,F,2010,369
Aisha,F,2010,367
Henriette,F,2010,363
Camilla,F,2010,358
Nina,F,2010,353
Mira,F,2010,352
Nicoline,F,2010,351
Isabelle,F,2010,349
Vilje,F,2010,349
Wilma,F,2010,346
Melissa,F,2010,345
Alida,F,2010,344
Nikoline,F,2010,341
Ine,F,2010,339
Karen,F,2010,339
Othilie,F,2010,335
Sienna,F,2010,334
Alice,F,2010,329
Elsa,F,2010,329
Naomi,F,2010,315
Erika,F,2010,312
Andrine,F,2010,309
Kornelia,F,2010,308
Ellen,F,2010,307
Embla,F,2010,305
Adelen,F,2010,303
Iselin,F,2010,302
Olea,F,2010,299
Kristina,F,2010,298
Lydia,F,2010,298
Siri,F,2010,287
Ariel,F,2010,284
Elisa,F,2010,280
Kaia,F,2010,278
Nelly,F,2010,278
Rebekka,F,2010,278
Clara,F,2010,277
Matilda,F,2010,277
Tora,F,2010,276
Melina,F,2010,275
Vera,F,2010,274
Nova,F,2010,266
Anine,F,2010,265
Leona,F,2010,265
Norah,F,2010,263
Elin,F,2010,260
Maryam,F,2010,259
Molly,F,2010,256
Elea,F,2010,253
Esther,F,2010,252
Lara,F,2010,251
Mariam,F,2010,250
Una,F,2010,250
Thelma,F,2010,249
Henny,F,2010,248
Petra,F,2010,247
Liva,F,2010,245
Mariell,F,2010,242
Nadia,F,2010,240
Rebecca,F,2010,239
Evelyn,F,2010,238
Ariana,F,2010,237
Stine,F,2010,237
Lone,F,2010,235
Guro,F,2010,234
Natalia,F,2010,234
Ragnhild,F,2010,234
Inga,F,2010,231
Sanne,F,2010,231
Aya,F,2010,230
Aleksandra,F,2010,229
Lilli,F,2010,229
Amira,F,2010,228
Lovise,F,2010,228
Jessica,F,2010,227
Ina,F,2010,226
Zuzanna,F,2010,226
Noor,F,2010,225
Carmen,F,2010,221
Diana,F,2010,221
Kamilla,F,2010,220
Marta,F,2010,219
Marion,F,2010,217
Vårin,F,2010,215
Freya,F,2010,212
Olava,F,2010,212
Kari,F,2010,211
Kristin,F,2010,209
Runa,F,2010,209
Alvilde,F,2010,207
Alba,F,2010,206
Ea,F,2010,206
Line,F,2010,206
Fride,F,2010,201
Hanne,F,2010,201
Heidi,F,2010,201
June,F,2010,200
Salma,F,2010,200
Synnøve,F,2010,195
Christina,F,2010,194
Lana,F,2010,193
Amelie,F,2010,191
Selina,F,2010,191
Linn,F,2010,190
Marielle,F,2010,190
Martha,F,2010,189
Yasmin,F,2010,189
Eiril,F,2010,188
Edith,F,2010,187
Adriana,F,2010,186
Alicia,F,2010,186
Marthe,F,2010,185
Annika,F,2010,183
Inger,F,2010,182
Åse,F,2010,182
Cassandra,F,2010,180
Sol,F,2010,180
Bella,F,2010,178
Gabriella,F,2010,178
Ruth,F,2010,178
Lillian,F,2010,177
Evelina,F,2010,176
Tia,F,2010,175
Lise,F,2010,174
Vida,F,2010,174
Eirin,F,2010,173
Eliana,F,2010,171
Savannah,F,2010,170
Bianca,F,2010,168
Eleah,F,2010,166
Marit,F,2010,166
Livia,F,2010,164
Cecilie,F,2010,163
Fiona,F,2010,163
Sina,F,2010,163
Arya,F,2010,162
Jasmin,F,2010,156
Silja,F,2010,156
Jana,F,2010,155
Iman,F,2010,154
Alise,F,2010,153
Anniken,F,2010,153
Eivor,F,2010,153
Emmy,F,2010,153
Mona,F,2010,151
Ulrikke,F,2010,151
Else,F,2010,150
Emmeli,F,2010,150
Erica,F,2010,150
Liana,F,2010,150
Zofia,F,2010,148
Anja,F,2010,147
Annie,F,2010,147
Christine,F,2010,146
Tale,F,2010,146
Ayla,F,2010,145
Nellie,F,2010,145
Aylin,F,2010,144
Karina,F,2010,143
Zara,F,2010,142
Emmeline,F,2010,141
Ester,F,2010,141
Otilie,F,2010,141
Therese,F,2010,141
Kine,F,2010,140
Margrethe,F,2010,140
Tara,F,2010,139
Josephine,F,2010,138
Annabelle,F,2010,137
Serine,F,2010,137
Sofija,F,2010,137
Liliana,F,2010,136
Zainab,F,2010,136
Felicia,F,2010,134
Mathilda,F,2010,134
Tina,F,2010,134
Susanne,F,2010,131
Sumaya,F,2010,130
Alisa,F,2010,129
Thilde,F,2010,129
Lucy,F,2010,128
Milena,F,2010,128
Zahra,F,2010,128
Abigail,F,2010,126
Cecilia,F,2010,126
Oliwia,F,2010,125
Ana,F,2010,124
Bertine,F,2010,124
Kaisa,F,2010,124
Othelie,F,2010,124
Wiktoria,F,2010,124
Elizabeth,F,2010,123
Tyra,F,2010,123
Valentina,F,2010,123
Aida,F,2010,122
Aline,F,2010,122
Hana,F,2010,122
Jennie,F,2010,121
Nicole,F,2010,121
Sabrina,F,2010,121
Viola,F,2010,121
Astri,F,2010,120
Enya,F,2010,120
Karolina,F,2010,120
Daniella,F,2010,119
Emilija,F,2010,119
Khadija,F,2010,117
Eir,F,2010,116
Ema,F,2010,116
Gabriela,F,2010,115
Ragna,F,2010,115
Benedicte,F,2010,114
Zoe,F,2010,113
Maud,F,2010,112
Edel,F,2010,111
Idun,F,2010,110
Marina,F,2010,110
Ines,F,2010,108
Malak,F,2010,107
Alicja,F,2010,106
Eliza,F,2010,106
Margit,F,2010,106
Angelina,F,2010,105
Kajsa,F,2010,105
Seline,F,2010,105
Fredrikke,F,2010,104
Linda,F,2010,104
Nikola,F,2010,104
Paula,F,2010,104
Karla,F,2010,103
Medina,F,2010,103
Tilla,F,2010,103
Marwa,F,2010,102
Serina,F,2010,102
Isa,F,2010,101
Sonia,F,2010,101
Anita,F,2010,100
Helen,F,2010,100
Laila,F,2010,100
Åsa,F,2010,100
Elle,F,2010,99
Emely,F,2010,99
Emina,F,2010,98
Idunn,F,2010,98
Nanna,F,2010,98
Samantha,F,2010,98
Marlene,F,2010,95
Tirill,F,2010,95
Åsne,F,2010,94
Eli,F,2010,93
Stina,F,2010,93
Anastasia,F,2010,92
Veronica,F,2010,92
Kira,F,2010,91
Tonje,F,2010,91
Carla,F,2010,90
Jasmine,F,2010,89
Tea,F,2010,89
Amalia,F,2010,88
Pauline,F,2010,88
Hafsa,F,2010,87
Veronika,F,2010,87
Amy,F,2010,86
Simone,F,2010,86
Aina,F,2010,85
Gina,F,2010,83
Karin,F,2010,83
Elly,F,2010,82
Lucia,F,2010,82
Elma,F,2010,81
Katarina,F,2010,80
Kristiane,F,2010,80
Adelina,F,2010,79
Agathe,F,2010,79
Malena,F,2010,78
Amal,F,2010,77
Dagny,F,2010,77
Edda,F,2010,77
Fanny,F,2010,77
Vår,F,2010,77
Alette,F,2010,76
Regine,F,2010,76
Eirill,F,2010,75
Nour,F,2010,74
Rose,F,2010,73
Gabrielle,F,2010,71
Ingebjørg,F,2010,71
May,F,2010,71
Samira,F,2010,71
Ann,F,2010,70
Julianne,F,2010,70
Anisa,F,2010,69
Rania,F,2010,69
Katrine,F,2010,68
Siham,F,2010,68
Asta,F,2010,67
Elinor,F,2010,67
Rita,F,2010,67
Sana,F,2010,67
Veslemøy,F,2010,67
Celia,F,2010,66
Ulla,F,2010,66
Gabriele,F,2010,65
Gunhild,F,2010,65
Beatrice,F,2010,64
Hiba,F,2010,64
Martina,F,2010,64
Mary,F,2010,64
Sidra,F,2010,64
Ailin,F,2010,63
Benedikte,F,2010,63
Vivian,F,2010,63
Anneli,F,2010,62
Lene,F,2010,60
Helin,F,2010,59
Anny,F,2010,58
Halima,F,2010,58
Paulina,F,2010,58
Irene,F,2010,57
Joanna,F,2010,57
Leni,F,2010,57
Magdalena,F,2010,57
Jennifer,F,2010,55
Rachel,F,2010,55
Tone,F,2010,55
Marianne,F,2010,54
Martyna,F,2010,54
Jenni,F,2010,53
Rahma,F,2010,53
Daniela,F,2010,52
Daria,F,2010,52
Irmelin,F,2010,52
Amna,F,2010,51
Grace,F,2010,51
Hanan,F,2010,51
Susanna,F,2010,51
Åshild,F,2010,51
Carina,F,2010,50
Juliane,F,2010,50
My,F,2010,50
Åsta,F,2010,50
Angela,F,2010,49
Magnhild,F,2010,49
Marita,F,2010,49
Eileen,F,2010,48
Emelie,F,2010,48
Kamila,F,2010,48
Randi,F,2010,48
Tamara,F,2010,48
Valeria,F,2010,47
Safia,F,2010,46
Dorthea,F,2010,45
Greta,F,2010,45
Hilda,F,2010,45
Hilde,F,2010,45
Juni,F,2010,45
Hala,F,2010,44
Janne,F,2010,44
Karine,F,2010,44
Mariel,F,2010,44
Anette,F,2010,43
Irma,F,2010,43
Lin,F,2010,43
Nadine,F,2010,43
Simona,F,2010,43
Christiane,F,2010,42
Henrikke,F,2010,42
Leyla,F,2010,42
Mai,F,2010,42
Melanie,F,2010,42
Siren,F,2010,42
Antonia,F,2010,41
Asma,F,2010,41
Sine,F,2010,41
Anni,F,2010,40
Dalia,F,2010,40
Farah,F,2010,40
Harriet,F,2010,40
Karianne,F,2010,40
Angelika,F,2010,39
Kjersti,F,2010,39
Jorunn,F,2010,38
Lidia,F,2010,36
Margrete,F,2010,36
Aileen,F,2010,35
Ingelin,F,2010,35
Dana,F,2010,34
Frøydis,F,2010,33
Juliana,F,2010,33
Sigrun,F,2010,33
Birgitte,F,2010,32
Gyda,F,2010,32
Iqra,F,2010,32
Miranda,F,2010,32
Azra,F,2010,31
Berit,F,2010,31
Kathrine,F,2010,31
Monica,F,2010,31
Tine,F,2010,31
Cathrine,F,2010,30
Malika,F,2010,30
Marija,F,2010,30
Nada,F,2010,30
Vanja,F,2010,30
Jasmina,F,2010,29
Patricia,F,2010,29
Leila,F,2010,28
Marthine,F,2010,28
Sahra,F,2010,27
Silvia,F,2010,27
Carolina,F,2010,26
Deborah,F,2010,26
Gloria,F,2010,26
Ieva,F,2010,26
Melinda,F,2010,26
Muna,F,2010,26
Natasha,F,2010,26
Siril,F,2010,26
Trine,F,2010,26
Bushra,F,2010,25
Olga,F,2010,25
Solfrid,F,2010,25
Viktorija,F,2010,25
Weronika,F,2010,25
Fatma,F,2010,24
Ingri,F,2010,24
Katja,F,2010,24
Monika,F,2010,24
Beate,F,2010,23
Katharina,F,2010,23
Norunn,F,2010,23
Kate,F,2010,22
Kirsten,F,2010,22
Madelene,F,2010,22
Najma,F,2010,22
Rebecka,F,2010,22
Unni,F,2010,22
Agata,F,2010,21
Frid,F,2010,21
Huda,F,2010,21
Michaela,F,2010,21
Reidun,F,2010,21
Ayan,F,2010,20
Ewa,F,2010,20
Helga,F,2010,20
Liza,F,2010,20
Marlen,F,2010,20
Thora,F,2010,20
Agnete,F,2010,19
Bjørg,F,2010,19
Dorthe,F,2010,19
Edle,F,2010,19
Judith,F,2010,19
Lill,F,2010,19
Tove,F,2010,19
Une,F,2010,19
Ayse,F,2010,18
Ingunn,F,2010,18
Ninni,F,2010,18
Siv,F,2010,18
Grete,F,2010,17
Katinka,F,2010,17
Stephanie,F,2010,17
Agnethe,F,2010,16
Gunvor,F,2010,16
Guri,F,2010,16
Ramona,F,2010,16
Rana,F,2010,16
Elsie,F,2010,15
Evy,F,2010,15
Jeanette,F,2010,15
Nadja,F,2010,15
Aase,F,2010,14
Belinda,F,2010,14
Elen,F,2010,14
Ingerid,F,2010,14
Klaudia,F,2010,14
Sissel,F,2010,14
Christel,F,2010,13
Gerda,F,2010,13
Jannicke,F,2010,13
Katrina,F,2010,13
Lilian,F,2010,13
Sabina,F,2010,13
Svanhild,F,2010,13
Cindy,F,2010,12
Elisabet,F,2010,12
Gunnhild,F,2010,12
Hulda,F,2010,12
Margot,F,2010,12
Aud,F,2010,11
Bettina,F,2010,11
Sylvia,F,2010,11
Birgit,F,2010,10
Ingvill,F,2010,10
Kirsti,F,2010,10
Kristi,F,2010,10
Rosa,F,2010,10
Theresa,F,2010,10
Barbara,F,2010,9
Claudia,F,2010,9
Hodan,F,2010,9
Ivana,F,2010,9
Jamila,F,2010,9
Kelly,F,2010,9
Maryan,F,2010,9
Mette,F,2010,9
Rina,F,2010,9
Rut,F,2010,9
Sahar,F,2010,9
Signy,F,2010,9
Solvår,F,2010,9
Borghild,F,2010,8
Catharina,F,2010,8
Eldrid,F,2010,8
Elna,F,2010,8
Gudrun,F,2010,8
Rannveig,F,2010,8
Yvonne,F,2010,8
Naima,F,2010,7
Nancy,F,2010,7
Eden,F,2010,6
Hamdi,F,2010,6
Patrycja,F,2010,6
Britt,F,2010,5
Jette,F,2010,5
Margarita,F,2010,5
Mariann,F,2010,5
Rahel,F,2010,5
Renate,F,2010,5
Synøve,F,2010,5
Zeinab,F,2010,5
Bente,F,2010,4
Betina,F,2010,4
Brita,F,2010,4
Catherine,F,2010,4
Desiree,F,2010,4
Eilin,F,2010,4
Grethe,F,2010,4
Hege,F,2010,4
Herborg,F,2010,4
Irina,F,2010,4
Jane,F,2010,4
Jannike,F,2010,4
Jelena,F,2010,4
Jorid,F,2010,4
Kim,F,2010,4
Kinga,F,2010,4
Lisbeth,F,2010,4
Mariana,F,2010,4
Rabia,F,2010,4
Ragne,F,2010,4
Ruta,F,2010,4
Sadia,F,2010,4
Sølvi,F,2010,4
Tanja,F,2010,4
Teresa,F,2010,4
Tordis,F,2010,4
Turid,F,2010,4
Vivi,F,2010,4
William,M,2010,4171
Emil,M,2010,4042
Oliver,M,2010,3858
Magnus,M,2010,3438
Mathias,M,2010,3385
Noah,M,2010,3351
Henrik,M,2010,3342
Elias,M,2010,3300
Jonas,M,2010,3256
Liam,M,2010,3080
Tobias,M,2010,2943
Sebastian,M,2010,2736
Sander,M,2010,2717
Aksel,M,2010,2671
Lucas,M,2010,2656
Isak,M,2010,2637
Daniel,M,2010,2623
Adrian,M,2010,2594
Benjamin,M,2010,2590
Jakob,M,2010,2513
Martin,M,2010,2431
Leon,M,2010,2391
Johannes,M,2010,2385
Theodor,M,2010,2301
Matheo,M,2010,2215
Oskar,M,2010,2175
Alexander,M,2010,2125
Håkon,M,2010,2125
Olav,M,2010,2102
Filip,M,2010,2049
Andreas,M,2010,2030
Markus,M,2010,2001
Lukas,M,2010,1895
Erik,M,2010,1844
Theo,M,2010,1799
Kasper,M,2010,1794
Julian,M,2010,1780
Mikkel,M,2010,1758
Even,M,2010,1727
Marius,M,2010,1726
Sigurd,M,2010,1723
Sondre,M,2010,1712
Oscar,M,2010,1700
Johan,M,2010,1690
Kristian,M,2010,1677
Herman,M,2010,1634
Jonathan,M,2010,1615
Fredrik,M,2010,1577
Gabriel,M,2010,1577
Felix,M,2010,1540
Adam,M,2010,1534
Iver,M,2010,1531
Ulrik,M,2010,1526
Odin,M,2010,1507
Leo,M,2010,1480
Ole,M,2010,1467
David,M,2010,1444
Jacob,M,2010,1427
Ludvig,M,2010,1424
Sverre,M,2010,1394
Leander,M,2010,1392
Eirik,M,2010,1324
Marcus,M,2010,1309
Nikolai,M,2010,1298
Alfred,M,2010,1242
Brage,M,2010,1240
Samuel,M,2010,1230
Aron,M,2010,1227
Ola,M,2010,1222
Max,M,2010,1202
Aleksander,M,2010,1197
Lars,M,2010,1195
Thomas,M,2010,1191
Vetle,M,2010,1181
Edvard,M,2010,1129
Trym,M,2010,1105
Gustav,M,2010,1097
Christian,M,2010,1065
Philip,M,2010,1065
Casper,M,2010,1022
Linus,M,2010,1011
Storm,M,2010,1011
Jesper,M,2010,1005
Kevin,M,2010,967
Dennis,M,2010,952
Kristoffer,M,2010,930
Viktor,M,2010,921
Victor,M,2010,906
Anton,M,2010,893
Emrik,M,2010,885
Simon,M,2010,883
Jens,M,2010,878
Albert,M,2010,863
Mohammad,M,2010,849
Birk,M,2010,840
Muhammad,M,2010,785
Peder,M,2010,783
Nicolai,M,2010,773
Mats,M,2010,763
Viljar,M,2010,748
August,M,2010,746
Sivert,M,2010,731
Petter,M,2010,715
Edvin,M,2010,703
Jørgen,M,2010,692
Teodor,M,2010,690
Sindre,M,2010,688
Ludvik,M,2010,680
Emilian,M,2010,661
Axel,M,2010,653
Levi,M,2010,653
Nils,M,2010,649
Olai,M,2010,642
Einar,M,2010,638
Simen,M,2010,633
Ask,M,2010,620
Hans,M,2010,618
Amund,M,2010,612
Jan,M,2010,609
Niklas,M,2010,602
Mikael,M,2010,592
Bjørn,M,2010,588
Eivind,M,2010,581
Henry,M,2010,576
Ali,M,2010,563
Haakon,M,2010,557
Mohammed,M,2010,555
Eskil,M,2010,553
Mohamed,M,2010,553
John,M,2010,531
Nathaniel,M,2010,527
Vegard,M,2010,526
Håvard,M,2010,508
Peter,M,2010,499
Mio,M,2010,498
Georg,M,2010,485
Jon,M,2010,485
Robin,M,2010,482
Michael,M,2010,479
Elliot,M,2010,477
Ibrahim,M,2010,476
Karl,M,2010,476
Patrick,M,2010,459
Milian,M,2010,454
Trygve,M,2010,452
Erlend,M,2010,448
Mads,M,2010,439
Joakim,M,2010,429
Thor,M,2010,428
Konrad,M,2010,419
Anders,M,2010,413
Omar,M,2010,411
Fillip,M,2010,409
Phillip,M,2010,400
Ahmed,M,2010,395
Christoffer,M,2010,389
Matias,M,2010,389
Harald,M,2010,371
Tor,M,2010,371
Arthur,M,2010,365
Bastian,M,2010,361
Knut,M,2010,361
Caspian,M,2010,354
Loke,M,2010,354
Wilhelm,M,2010,353
Didrik,M,2010,349
Alvin,M,2010,344
Amir,M,2010,340
Ailo,M,2010,338
Leonard,M,2010,337
Carl,M,2010,336
Vebjørn,M,2010,334
Mateo,M,2010,332
Heine,M,2010,331
Abel,M,2010,328
Nicholas,M,2010,324
Per,M,2010,323
Arian,M,2010,322
Hugo,M,2010,322
Luca,M,2010,320
Syver,M,2010,319
Lavrans,M,2010,316
Fabian,M,2010,314
Ahmad,M,2010,299
Alex,M,2010,298
Joel,M,2010,298
Ivar,M,2010,297
Maximilian,M,2010,296
Edward,M,2010,294
Ruben,M,2010,293
Sigve,M,2010,293
Vincent,M,2010,292
Jonatan,M,2010,291
Vemund,M,2010,291
Aslak,M,2010,289
Halvor,M,2010,289
Erling,M,2010,284
Rasmus,M,2010,282
Endre,M,2010,275
Bendik,M,2010,274
Mattis,M,2010,270
Ferdinand,M,2010,269
Hamza,M,2010,263
Silas,M,2010,263
Nicklas,M,2010,262
Jakub,M,2010,259
Yusuf,M,2010,259
Aaron,M,2010,255
Finn,M,2010,253
Torjus,M,2010,253
Milan,M,2010,248
Noel,M,2010,247
Tim,M,2010,247
Mohamad,M,2010,245
Lasse,M,2010,244
Helmer,M,2010,241
Isåc,M,2010,241
Arne,M,2010,240
Nicolas,M,2010,240
Edwin,M,2010,238
Torbjørn,M,2010,236
Snorre,M,2010,232
Jonah,M,2010,230
Luka,M,2010,230
Isac,M,2010,225
Matteo,M,2010,224
Audun,M,2010,223
Christopher,M,2010,222
Morten,M,2010,221
Josef,M,2010,219
Imre,M,2010,218
Alan,M,2010,217
Kian,M,2010,217
Nikolas,M,2010,217
Andre,M,2010,215
Bo,M,2010,215
Colin,M,2010,213
Stefan,M,2010,209
Rayan,M,2010,208
Olaf,M,2010,206
Åsmund,M,2010,205
Melvin,M,2010,204
Mustafa,M,2010,203
Stian,M,2010,203
Cornelius,M,2010,198
Teo,M,2010,198
Abdullah,M,2010,197
Jo,M,2010,197
Sam,M,2010,195
Kacper,M,2010,194
Eric,M,2010,193
Ivan,M,2010,193
Emre,M,2010,192
Yousef,M,2010,192
Anas,M,2010,188
Charlie,M,2010,188
Joachim,M,2010,188
Tarjei,M,2010,185
Antoni,M,2010,184
Varg,M,2010,184
Eliah,M,2010,183
Noa,M,2010,183
Ragnar,M,2010,183
Ismail,M,2010,180
Louis,M,2010,176
Jone,M,2010,175
Marcel,M,2010,175
Abdirahman,M,2010,174
Nathan,M,2010,174
Wilmer,M,2010,174
Otto,M,2010,173
Karsten,M,2010,170
Kornelius,M,2010,170
Tord,M,2010,167
Tristan,M,2010,167
Scott,M,2010,165
Henning,M,2010,164
Hassan,M,2010,162
Muhammed,M,2010,162
Aiden,M,2010,161
Gaute,M,2010,161
Espen,M,2010,160
Falk,M,2010,160
Robert,M,2010,160
Emir,M,2010,159
Julius,M,2010,155
Kim,M,2010,155
Lauritz,M,2010,155
Natan,M,2010,155
Tomas,M,2010,155
Balder,M,2010,154
Brede,M,2010,154
Neo,M,2010,154
Olve,M,2010,153
Gard,M,2010,152
Paul,M,2010,152
Tom,M,2010,149
Jeppe,M,2010,146
Selmer,M,2010,145
Tage,M,2010,145
Torstein,M,2010,145
Nicolay,M,2010,144
Matheus,M,2010,142
Ådne,M,2010,141
Øyvind,M,2010,141
Emanuel,M,2010,140
Aryan,M,2010,137
Kai,M,2010,137
Rafael,M,2010,137
Arman,M,2010,136
Brian,M,2010,134
Alf,M,2010,133
Sjur,M,2010,133
Laurits,M,2010,132
Ilyas,M,2010,131
Patrik,M,2010,131
Bjørnar,M,2010,129
Chris,M,2010,129
Leif,M,2010,129
Arn,M,2010,127
Franciszek,M,2010,127
Ivo,M,2010,126
Troy,M,2010,126
Truls,M,2010,126
Wiktor,M,2010,126
Khalid,M,2010,125
Martinus,M,2010,125
Bilal,M,2010,124
James,M,2010,124
Severin,M,2010,123
Imran,M,2010,122
Lyder,M,2010,122
Magne,M,2010,121
Mika,M,2010,121
Gunnar,M,2010,120
Joshua,M,2010,120
Olivier,M,2010,119
Emilio,M,2010,118
Hussein,M,2010,118
Ryan,M,2010,117
Sigmund,M,2010,117
Zakaria,M,2010,117
Ian,M,2010,116
Jack,M,2010,116
Steffen,M,2010,116
Conrad,M,2010,115
Eldar,M,2010,115
Timian,M,2010,115
Øystein,M,2010,114
Matas,M,2010,113
Mikail,M,2010,113
Mikal,M,2010,113
Abdul,M,2010,111
Leonardo,M,2010,111
Maksymilian,M,2010,111
Eilif,M,2010,110
Sølve,M,2010,110
Ayman,M,2010,109
Jostein,M,2010,109
Thorvald,M,2010,108
Torje,M,2010,108
Pål,M,2010,106
Marco,M,2010,104
Mons,M,2010,104
Tommy,M,2010,104
Edgar,M,2010,103
Sean,M,2010,103
Szymon,M,2010,103
Ravn,M,2010,102
Arvin,M,2010,101
Asbjørn,M,2010,101
Pelle,M,2010,101
Hermann,M,2010,100
Tormod,M,2010,100
Bernhard,M,2010,98
Dominik,M,2010,98
Hallvard,M,2010,98
Isa,M,2010,97
Joseph,M,2010,97
Richard,M,2010,97
Youssef,M,2010,97
Malvin,M,2010,96
Nataniel,M,2010,96
Odd,M,2010,96
Arvid,M,2010,94
Luis,M,2010,94
Joar,M,2010,93
Abdullahi,M,2010,92
Hjalmar,M,2010,92
Mario,M,2010,91
Preben,M,2010,91
Mahmoud,M,2010,90
Mikolaj,M,2010,90
Yosef,M,2010,90
Rolf,M,2010,89
Yasin,M,2010,89
Damian,M,2010,88
Igor,M,2010,88
Salman,M,2010,88
Bror,M,2010,87
Samson,M,2010,86
Walter,M,2010,86
Mattias,M,2010,84
Martinius,M,2010,83
Armin,M,2010,82
Halvard,M,2010,82
Vilhelm,M,2010,82
Amin,M,2010,80
Helge,M,2010,80
Johann,M,2010,80
Sven,M,2010,80
Denis,M,2010,79
Syed,M,2010,79
Hasan,M,2010,78
Are,M,2010,77
Hauk,M,2010,77
Malik,M,2010,77
Emmanuel,M,2010,76
Svein,M,2010,76
Torben,M,2010,76
Ørjan,M,2010,76
Dawid,M,2010,75
Edin,M,2010,75
Yahya,M,2010,75
Dominic,M,2010,74
Karim,M,2010,74
Artur,M,2010,73
Frederik,M,2010,73
Kenneth,M,2010,73
Niclas,M,2010,73
Tore,M,2010,73
Mark,M,2010,71
Idris,M,2010,70
Samir,M,2010,70
Frank,M,2010,69
Adnan,M,2010,68
Ben,M,2010,68
Brynjar,M,2010,68
Sami,M,2010,68
Antonio,M,2010,67
Aram,M,2010,66
Jarle,M,2010,66
Anthony,M,2010,65
Bruno,M,2010,65
Edmund,M,2010,65
Egil,M,2010,64
Patryk,M,2010,64
Torvald,M,2010,64
Atle,M,2010,61
Kjell,M,2010,61
Marko,M,2010,61
Morgan,M,2010,61
Osman,M,2010,61
Amar,M,2010,60
Marvin,M,2010,60
Bernard,M,2010,59
Khaled,M,2010,59
Nikolay,M,2010,59
Steinar,M,2010,59
Jaran,M,2010,58
Mateusz,M,2010,58
Vidar,M,2010,58
Tellef,M,2010,57
Elling,M,2010,56
Tony,M,2010,55
Trond,M,2010,55
Adem,M,2010,54
Christer,M,2010,53
Kåre,M,2010,53
Miguel,M,2010,53
Nikola,M,2010,53
Terje,M,2010,53
Jarl,M,2010,52
Abdulrahman,M,2010,51
Dan,M,2010,51
Frans,M,2010,51
Michal,M,2010,51
Dag,M,2010,50
Fred,M,2010,50
Jason,M,2010,50
Piotr,M,2010,50
Wojciech,M,2010,49
Dani,M,2010,48
Mehmet,M,2010,48
Mahamed,M,2010,47
Karol,M,2010,46
Vegar,M,2010,46
Fridtjof,M,2010,45
Niels,M,2010,45
Birger,M,2010,44
Kjetil,M,2010,44
Stanislaw,M,2010,44
Justin,M,2010,43
Torkel,M,2010,43
Gjermund,M,2010,42
Haris,M,2010,42
Runar,M,2010,42
Abbas,M,2010,41
Andrej,M,2010,41
Carlos,M,2010,41
George,M,2010,41
Said,M,2010,41
Ammar,M,2010,40
Hilmar,M,2010,40
Kyrre,M,2010,40
Matthew,M,2010,40
Stein,M,2010,40
Arild,M,2010,39
Ingmar,M,2010,39
Matthias,M,2010,39
Mostafa,M,2010,39
Omer,M,2010,39
Remi,M,2010,39
Torgrim,M,2010,39
Hadi,M,2010,38
Lorentz,M,2010,38
Abraham,M,2010,37
Danny,M,2010,37
Geir,M,2010,36
Torgeir,M,2010,36
Yonas,M,2010,35
Eskild,M,2010,34
Mathis,M,2010,34
Steven,M,2010,34
Tarald,M,2010,34
Timothy,M,2010,34
Hussain,M,2010,33
Oddvar,M,2010,33
Reidar,M,2010,33
Thorbjørn,M,2010,33
Ari,M,2010,32
Bjarne,M,2010,32
Krystian,M,2010,32
Roman,M,2010,32
Andrew,M,2010,31
Willy,M,2010,31
Ahmet,M,2010,30
Hubert,M,2010,30
Viggo,M,2010,30
Adil,M,2010,29
Aleksandar,M,2010,29
Rami,M,2010,29
Torkil,M,2010,29
Agnar,M,2010,28
Charles,M,2010,28
Kent,M,2010,28
Jamal,M,2010,27
Tomasz,M,2010,27
Aleksandr,M,2010,26
Bård,M,2010,26
Jarand,M,2010,26
Ken,M,2010,26
Valentin,M,2010,26
Roar,M,2010,25
Rune,M,2010,25
Abdi,M,2010,24
Eilert,M,2010,24
Mahad,M,2010,24
Abdallah,M,2010,23
Darius,M,2010,23
Juan,M,2010,23
Magnar,M,2010,23
Walid,M,2010,23
Andrei,M,2010,22
Bartosz,M,2010,22
Cato,M,2010,22
Haldor,M,2010,22
Kamil,M,2010,22
Manuel,M,2010,22
Mehdi,M,2010,22
Mike,M,2010,22
Sigbjørn,M,2010,22
Allan,M,2010,20
Erland,M,2010,20
Krister,M,2010,20
Roy,M,2010,20
Stig,M,2010,20
Amanuel,M,2010,19
Diego,M,2010,19
Henryk,M,2010,19
Ingvald,M,2010,19
Jardar,M,2010,19
Khalil,M,2010,19
Saleh,M,2010,19
Carsten,M,2010,18
Florian,M,2010,18
Linas,M,2010,18
Borgar,M,2010,17
Hogne,M,2010,17
Maciej,M,2010,17
Roald,M,2010,17
Børge,M,2010,16
Sturla,M,2010,16
Johnny,M,2010,15
Sveinung,M,2010,15
Ted,M,2010,15
Tønnes,M,2010,15
Alexandru,M,2010,14
Holger,M,2010,14
Krzysztof,M,2010,14
Waldemar,M,2010,14
Andres,M,2010,13
Arnt,M,2010,13
Idar,M,2010,13
Ståle,M,2010,13
Arve,M,2010,12
Omid,M,2010,12
Francis,M,2010,11
Harry,M,2010,11
Jim,M,2010,11
Jøran,M,2010,11
Sten,M,2010,11
Yngve,M,2010,11
Alejandro,M,2010,10
Constantin,M,2010,10
Fredrick,M,2010,10
Kolbjørn,M,2010,10
Ottar,M,2010,10
Ove,M,2010,10
Sigvart,M,2010,10
Bogdan,M,2010,9
Ingar,M,2010,9
Jimmy,M,2010,9
Kenny,M,2010,9
Lennart,M,2010,9
Minh,M,2010,9
Oddmund,M,2010,9
Pedro,M,2010,9
Torleif,M,2010,9
Øivind,M,2010,9
Aasmund,M,2010,8
Alv,M,2010,8
Bartlomiej,M,2010,8
Evald,M,2010,8
Francisco,M,2010,8
Guttorm,M,2010,8
Karolis,M,2010,8
Mahdi,M,2010,8
Roland,M,2010,8
Salah,M,2010,8
Bjarte,M,2010,7
Cristian,M,2010,6
Inge,M,2010,6
Ingvar,M,2010,6
Jean,M,2010,6
Søren,M,2010,6
Adel,M,2010,5
Amer,M,2010,5
Anwar,M,2010,5
Asgeir,M,2010,5
Esten,M,2010,5
Eyvind,M,2010,5
Hamid,M,2010,5
Håvar,M,2010,5
Jose,M,2010,5
Mantas,M,2010,5
Martynas,M,2010,5
Norbert,M,2010,5
Pavel,M,2010,5
Remy,M,2010,5
Robel,M,2010,5
Roger,M,2010,5
Ronny,M,2010,5
Toni,M,2010,5
Toralf,M,2010,5
Åge,M,2010,5
Andris,M,2010,4
Bernt,M,2010,4
Fernando,M,2010,4
Fritz,M,2010,4
Georgios,M,2010,4
Glenn,M,2010,4
Hermod,M,2010,4
Ingebrigt,M,2010,4
Joao,M,2010,4
Jozef,M,2010,4
Jørn,M,2010,4
Jørund,M,2010,4
Kjartan,M,2010,4
Klaus,M,2010,4
Kristen,M,2010,4
Leiv,M,2010,4
Milos,M,2010,4
Njål,M,2010,4
Oddbjørn,M,2010,4
Ole-Martin,M,2010,4
Osvald,M,2010,4
Paulius,M,2010,4
Sigvald,M,2010,4
Thorstein,M,2010,4
Vladimir,M,2010,4
Emma,F,2020,2193
Nora,F,2020,2160
Olivia,F,2020,2010
Ella,F,2020,1978
Sofie,F,2020,1747
Frida,F,2020,1672
Alma,F,2020,1588
Selma,F,2020,1562
Hedda,F,2020,1541
Emilie,F,2020,1521
Ingrid,F,2020,1521
Ada,F,2020,1499
Astrid,F,2020,1402
Iben,F,2020,1391
Ellinor,F,2020,1387
Sofia,F,2020,1384
Leah,F,2020,1355
Amalie,F,2020,1304
Mia,F,2020,1300
Tiril,F,2020,1263
Anna,F,2020,1238
Aurora,F,2020,1231
Eva,F,2020,1214
Vilde,F,2020,1120
Hedvig,F,2020,1081
Sara,F,2020,1075
Maja,F,2020,1073
Jenny,F,2020,1033
Ida,F,2020,1023
Tuva,F,2020,985
Live,F,2020,938
Thea,F,2020,937
Linnea,F,2020,934
Ellie,F,2020,896
Sigrid,F,2020,882
Solveig,F,2020,867
Hennie,F,2020,863
Amelia,F,2020,861
Amanda,F,2020,852
Saga,F,2020,838
Marie,F,2020,828
Josefine,F,2020,822
Lilly,F,2020,814
Mathilde,F,2020,806
Hanna,F,2020,788
Julie,F,2020,772
Mie,F,2020,763
Agnes,F,2020,741
Oline,F,2020,737
Sonja,F,2020,728
Eline,F,2020,713
Ylva,F,2020,713
Signe,F,2020,704
Luna,F,2020,699
Eira,F,2020,697
Mille,F,2020,696
Hermine,F,2020,673
Johanne,F,2020,664
Maria,F,2020,652
Oda,F,2020,630
Elise,F,2020,614
Emily,F,2020,602
Frøya,F,2020,595
Klara,F,2020,587
Mina,F,2020,563
Kaja,F,2020,550
Louise,F,2020,534
Emilia,F,2020,527
Julia,F,2020,527
Pernille,F,2020,518
Victoria,F,2020,518
Tomine,F,2020,514
Mari,F,2020,502
Stella,F,2020,498
Lea,F,2020,490
Andrea,F,2020,469
Liv,F,2020,464
Erle,F,2020,457
Ronja,F,2020,455
Alva,F,2020,448
Filippa,F,2020,440
Mathea,F,2020,420
Maya,F,2020,412
Iris,F,2020,402
Sophia,F,2020,399
Ebba,F,2020,393
Lotte,F,2020,390
Synne,F,2020,385
Sanna,F,2020,383
Aria,F,2020,380
Helene,F,2020,367
Hannah,F,2020,364
Thale,F,2020,364
Ingeborg,F,2020,362
Sunniva,F,2020,345
Lykke,F,2020,344
Mila,F,2020,344
Celine,F,2020,334
Nova,F,2020,330
Isabella,F,2020,329
Elvira,F,2020,327
Pia,F,2020,327
Leonora,F,2020,319
Vilma,F,2020,309
Vilja,F,2020,307
Sarah,F,2020,304
Martine,F,2020,300
Embla,F,2020,299
Helle,F,2020,295
Johanna,F,2020,291
Cornelia,F,2020,288
Vera,F,2020,284
Elena,F,2020,281
Laura,F,2020,281
Åse,F,2020,281
Elida,F,2020,280
Matilde,F,2020,280
Mira,F,2020,279
Maia,F,2020,270
Lily,F,2020,267
Wilma,F,2020,267
Alba,F,2020,266
Lina,F,2020,266
Elina,F,2020,262
Ava,F,2020,252
Helena,F,2020,252
Maiken,F,2020,248
Liva,F,2020,246
Anne,F,2020,245
Tilde,F,2020,237
Kaia,F,2020,236
Sienna,F,2020,233
Nikoline,F,2020,229
Clara,F,2020,222
Vilje,F,2020,222
Alina,F,2020,216
Rikke,F,2020,214
Elsa,F,2020,213
Lara,F,2020,212
Petra,F,2020,210
Elisabeth,F,2020,209
Malin,F,2020,208
Sophie,F,2020,207
Ane,F,2020,206
Ayla,F,2020,203
Othilie,F,2020,203
Ine,F,2020,197
Rakel,F,2020,197
Freya,F,2020,195
Naomi,F,2020,194
Charlotte,F,2020,189
Thelma,F,2020,188
Lotta,F,2020,187
Lydia,F,2020,186
Madelen,F,2020,186
Eliana,F,2020,184
Alexandra,F,2020,181
Kornelia,F,2020,175
Olea,F,2020,174
Elea,F,2020,170
Vårin,F,2020,169
Evelyn,F,2020,167
Lisa,F,2020,167
Millie,F,2020,167
Nina,F,2020,167
Noelle,F,2020,165
Nelly,F,2020,164
Ingvild,F,2020,163
Adele,F,2020,160
Noor,F,2020,158
Henny,F,2020,157
Amina,F,2020,156
Lilja,F,2020,156
Tora,F,2020,156
Amira,F,2020,155
Diana,F,2020,155
Erika,F,2020,155
Miriam,F,2020,154
Alice,F,2020,153
Emine,F,2020,153
Karoline,F,2020,153
Lovise,F,2020,152
Matilda,F,2020,152
Olava,F,2020,151
Maren,F,2020,150
Bella,F,2020,148
Lena,F,2020,148
Ariel,F,2020,144
Vanessa,F,2020,143
Dina,F,2020,140
Ellen,F,2020,140
Dagny,F,2020,139
Synnøve,F,2020,139
Ragnhild,F,2020,138
Esther,F,2020,137
Celina,F,2020,136
Nellie,F,2020,136
Else,F,2020,135
Fatima,F,2020,135
Aya,F,2020,131
Melissa,F,2020,131
Milla,F,2020,131
Sanne,F,2020,131
Ariana,F,2020,130
Nicoline,F,2020,129
Livia,F,2020,127
Marta,F,2020,127
Maud,F,2020,127
Kristine,F,2020,126
Viktoria,F,2020,125
Aisha,F,2020,124
Liana,F,2020,124
Maryam,F,2020,124
Åsa,F,2020,124
Molly,F,2020,122
Evelina,F,2020,120
Eivor,F,2020,119
Sol,F,2020,119
Elisa,F,2020,118
Elin,F,2020,117
Annie,F,2020,116
Lilli,F,2020,116
Melina,F,2020,116
Alida,F,2020,115
Inga,F,2020,115
Eleah,F,2020,113
Bianca,F,2020,112
Kari,F,2020,110
Alvilde,F,2020,109
Arya,F,2020,108
Malene,F,2020,107
Isabell,F,2020,106
Lone,F,2020,106
Martha,F,2020,106
Ina,F,2020,104
Jennie,F,2020,101
Othelie,F,2020,101
Runa,F,2020,101
Ester,F,2020,100
Juni,F,2020,100
Leona,F,2020,100
Nathalie,F,2020,100
Asta,F,2020,99
June,F,2020,99
Ragna,F,2020,98
Madeleine,F,2020,97
Nadia,F,2020,97
Yasmin,F,2020,97
Inger,F,2020,96
Isabel,F,2020,96
Viola,F,2020,96
Emmeli,F,2020,95
Mali,F,2020,95
Mariam,F,2020,95
Natalie,F,2020,94
Ea,F,2020,93
Emmy,F,2020,93
Linea,F,2020,93
Silje,F,2020,91
Zoe,F,2020,91
Edith,F,2020,90
Isabelle,F,2020,90
Lucy,F,2020,89
Nelia,F,2020,89
Una,F,2020,89
Zofia,F,2020,87
Sandra,F,2020,86
Camilla,F,2020,85
Josephine,F,2020,85
Tale,F,2020,85
Aylin,F,2020,84
Michelle,F,2020,84
Alise,F,2020,82
Fride,F,2020,82
Lillian,F,2020,82
Marion,F,2020,82
Ruth,F,2020,81
Edda,F,2020,79
Selina,F,2020,79
Tara,F,2020,79
Andrine,F,2020,78
Heidi,F,2020,77
Tyra,F,2020,77
Edel,F,2020,76
Karla,F,2020,76
Lana,F,2020,76
Siri,F,2020,76
Anja,F,2020,75
Guro,F,2020,75
Ulrikke,F,2020,75
Alisa,F,2020,74
Fiona,F,2020,74
Hana,F,2020,74
Kristin,F,2020,74
Otilie,F,2020,74
Abigail,F,2020,73
Adelen,F,2020,73
Anine,F,2020,73
Carmen,F,2020,73
Marte,F,2020,73
Medina,F,2020,73
Eli,F,2020,72
Harriet,F,2020,72
Lise,F,2020,72
Caroline,F,2020,71
Jasmin,F,2020,71
Norah,F,2020,71
Valentina,F,2020,71
Zuzanna,F,2020,71
Angelica,F,2020,69
Hailey,F,2020,69
Idun,F,2020,69
Zahra,F,2020,69
Ines,F,2020,68
Liliana,F,2020,68
Sidra,F,2020,68
Astri,F,2020,67
Cassandra,F,2020,67
Henriette,F,2020,67
Annika,F,2020,66
Elle,F,2020,66
Elma,F,2020,66
Oliwia,F,2020,66
Eir,F,2020,65
Elinor,F,2020,65
Sofija,F,2020,65
Åsta,F,2020,65
Kaisa,F,2020,64
Natalia,F,2020,64
Tia,F,2020,64
Rebekka,F,2020,63
Eiril,F,2020,62
Elly,F,2020,62
Mariell,F,2020,62
Åsne,F,2020,62
Aleksandra,F,2020,61
Alicia,F,2020,61
Ana,F,2020,61
Enya,F,2020,61
Iman,F,2020,61
Kamilla,F,2020,61
Vår,F,2020,61
Adelina,F,2020,60
Eirin,F,2020,60
Marit,F,2020,60
Mona,F,2020,60
Aida,F,2020,59
Amalia,F,2020,58
Anniken,F,2020,58
Karen,F,2020,58
Linn,F,2020,58
Milena,F,2020,58
Alicja,F,2020,57
Ema,F,2020,57
Valeria,F,2020,57
Anastasia,F,2020,56
Nicole,F,2020,56
Rose,F,2020,56
Kajsa,F,2020,55
Kristina,F,2020,55
Line,F,2020,55
Ingebjørg,F,2020,54
Iselin,F,2020,54
Gabriella,F,2020,53
Laila,F,2020,53
Thilde,F,2020,53
Vida,F,2020,53
Ulla,F,2020,52
Amelie,F,2020,51
Sabrina,F,2020,51
Hanne,F,2020,50
Mathilda,F,2020,50
Emmeline,F,2020,49
Fredrikke,F,2020,49
Karina,F,2020,49
Margit,F,2020,49
Zara,F,2020,49
Eliza,F,2020,48
Idunn,F,2020,48
Adriana,F,2020,47
Christina,F,2020,47
Stine,F,2020,47
Amal,F,2020,46
Kira,F,2020,46
Leyla,F,2020,46
Malak,F,2020,46
Salma,F,2020,46
Alette,F,2020,45
Marina,F,2020,45
Tilla,F,2020,45
Vega,F,2020,45
Zainab,F,2020,45
Eileen,F,2020,44
Elli,F,2020,44
Gabriela,F,2020,44
Tina,F,2020,44
Wiktoria,F,2020,44
Margrethe,F,2020,43
Seline,F,2020,43
Sina,F,2020,43
Gyda,F,2020,42
Karin,F,2020,42
Serine,F,2020,42
Sonia,F,2020,42
Celia,F,2020,41
Kine,F,2020,41
Erica,F,2020,40
Marwa,F,2020,40
Paula,F,2020,40
Emina,F,2020,39
Khadija,F,2020,39
Marielle,F,2020,39
May,F,2020,39
Regine,F,2020,39
Elizabeth,F,2020,38
Emilija,F,2020,38
Louisa,F,2020,37
Åshild,F,2020,37
Aina,F,2020,36
Lilje,F,2020,36
Sana,F,2020,36
Sumaya,F,2020,36
Emelie,F,2020,35
Linda,F,2020,35
Anni,F,2020,34
Emely,F,2020,34
Felicia,F,2020,34
Pauline,F,2020,34
Rebecca,F,2020,34
Samantha,F,2020,34
Cecilie,F,2020,33
Hafsa,F,2020,33
Halima,F,2020,33
Lucia,F,2020,33
Freja,F,2020,32
Safa,F,2020,32
Savannah,F,2020,32
Helin,F,2020,31
Jenni,F,2020,31
Milana,F,2020,31
Serina,F,2020,31
Aurelia,F,2020,29
Carla,F,2020,29
Fanny,F,2020,29
Isa,F,2020,29
Nanna,F,2020,29
Therese,F,2020,29
Bjørg,F,2020,28
Leila,F,2020,28
Marthe,F,2020,28
Ruby,F,2020,28
Agathe,F,2020,27
Aline,F,2020,27
Dalia,F,2020,27
Evy,F,2020,27
Irene,F,2020,27
Angelina,F,2020,26
Beatrice,F,2020,26
Eveline,F,2020,26
Jessica,F,2020,26
Marlene,F,2020,26
Annabelle,F,2020,25
Jasmine,F,2020,25
Mai,F,2020,25
Rita,F,2020,25
Unni,F,2020,25
Ailin,F,2020,24
Anny,F,2020,24
Eden,F,2020,24
Marianne,F,2020,24
Dorthea,F,2020,23
My,F,2020,23
Jana,F,2020,22
Sylvia,F,2020,22
Veslemøy,F,2020,22
Elif,F,2020,21
Elsie,F,2020,21
Grace,F,2020,21
Helen,F,2020,21
Joanna,F,2020,21
Julianne,F,2020,21
Nadine,F,2020,21
Tea,F,2020,21
Yusra,F,2020,21
Daria,F,2020,20
Gabrielle,F,2020,20
Hilde,F,2020,20
Huda,F,2020,20
Simona,F,2020,20
Syeda,F,2020,20
Cecilia,F,2020,19
Kristiane,F,2020,19
Safia,F,2020,19
Sigrun,F,2020,19
Une,F,2020,19
Aase,F,2020,18
Anita,F,2020,18
Antonia,F,2020,18
Henrikke,F,2020,18
Iqra,F,2020,18
Melisa,F,2020,18
Stina,F,2020,18
Veronica,F,2020,18
Vivian,F,2020,18
Gina,F,2020,17
Isra,F,2020,17
Karolina,F,2020,17
Kaya,F,2020,17
Lerke,F,2020,17
Magdalena,F,2020,17
Malena,F,2020,17
Samira,F,2020,17
Solvår,F,2020,17
Tone,F,2020,17
Veronika,F,2020,17
Aud,F,2020,16
Daniella,F,2020,16
Deborah,F,2020,16
Greta,F,2020,16
Helga,F,2020,16
Juliane,F,2020,16
Leni,F,2020,16
Lidia,F,2020,16
Melanie,F,2020,16
Nour,F,2020,16
Randi,F,2020,16
Solfrid,F,2020,16
Arina,F,2020,15
Athena,F,2020,15
Gloria,F,2020,15
Mary,F,2020,15
Siham,F,2020,15
Christine,F,2020,14
Eirill,F,2020,14
Frøydis,F,2020,14
Irmelin,F,2020,14
Karianne,F,2020,14
Kirsten,F,2020,14
Magnhild,F,2020,14
Silja,F,2020,14
Tirill,F,2020,14
Ann,F,2020,13
Frid,F,2020,13
Gunhild,F,2020,13
Guri,F,2020,13
Judith,F,2020,13
Kjersti,F,2020,13
Ragne,F,2020,13
Rania,F,2020,13
Signy,F,2020,13
Sofiia,F,2020,13
Anneli,F,2020,12
Azra,F,2020,12
Celin,F,2020,12
Irina,F,2020,12
Kamila,F,2020,12
Margot,F,2020,12
Mikaela,F,2020,12
Norunn,F,2020,12
Paulina,F,2020,12
Thora,F,2020,12
Amy,F,2020,11
Benedicte,F,2020,11
Carolina,F,2020,11
Eila,F,2020,11
Lin,F,2020,11
Nikola,F,2020,11
Rachel,F,2020,11
Rosa,F,2020,11
Susanne,F,2020,11
Tonje,F,2020,11
Angela,F,2020,10
Chloe,F,2020,10
Margrete,F,2020,10
Tove,F,2020,10
Anisa,F,2020,9
Asma,F,2020,9
Borghild,F,2020,9
Daniela,F,2020,9
Hiba,F,2020,9
Lejla,F,2020,9
Lilian,F,2020,9
Malika,F,2020,9
Margaret,F,2020,9
Turid,F,2020,9
Dana,F,2020,8
Grete,F,2020,8
Katarina,F,2020,8
Kate,F,2020,8
Katrine,F,2020,8
Martyna,F,2020,8
Silvia,F,2020,8
Yara,F,2020,8
Antonina,F,2020,7
Aila,F,2020,6
Amna,F,2020,6
Ela,F,2020,6
Reidun,F,2020,6
Agata,F,2020,5
Alia,F,2020,5
Bertine,F,2020,5
Bibi,F,2020,5
Gro,F,2020,5
Hilda,F,2020,5
Janne,F,2020,5
Jorunn,F,2020,5
Juliana,F,2020,5
Katharina,F,2020,5
Kathrine,F,2020,5
Konstanse,F,2020,5
Marianna,F,2020,5
Marlen,F,2020,5
Monika,F,2020,5
Ninni,F,2020,5
Sally,F,2020,5
Agnethe,F,2020,4
Anette,F,2020,4
Ayesha,F,2020,4
Berit,F,2020,4
Carina,F,2020,4
Cathrine,F,2020,4
Eldrid,F,2020,4
Elen,F,2020,4
Elisabet,F,2020,4
Elna,F,2020,4
Ewelina,F,2020,4
Farah,F,2020,4
Hanan,F,2020,4
Herborg,F,2020,4
Hulda,F,2020,4
Ingelin,F,2020,4
Ingri,F,2020,4
Irma,F,2020,4
Ivana,F,2020,4
Jasmina,F,2020,4
Jennifer,F,2020,4
Katerina,F,2020,4
Lene,F,2020,4
Liza,F,2020,4
Mariana,F,2020,4
Mariel,F,2020,4
Mariia,F,2020,4
Marija,F,2020,4
Marita,F,2020,4
Muna,F,2020,4
Olena,F,2020,4
Rahma,F,2020,4
Regina,F,2020,4
Rina,F,2020,4
Rut,F,2020,4
Sabina,F,2020,4
Sine,F,2020,4
Sissel,F,2020,4
Siv,F,2020,4
Solbjørg,F,2020,4
Susanna,F,2020,4
Sølvi,F,2020,4
Tamara,F,2020,4
Viktoriia,F,2020,4
Noah,M,2020,2349
Emil,M,2020,2266
Oliver,M,2020,2210
William,M,2020,2010
Elias,M,2020,1830
Isak,M,2020,1822
Liam,M,2020,1785
Johannes,M,2020,1709
Henrik,M,2020,1609
Magnus,M,2020,1591
Theodor,M,2020,1561
Olav,M,2020,1549
Jakob,M,2020,1530
Tobias,M,2020,1530
Aksel,M,2020,1439
Matheo,M,2020,1372
Ulrik,M,2020,1327
Adam,M,2020,1279
Gustav,M,2020,1271
Ludvig,M,2020,1263
Oskar,M,2020,1256
Alfred,M,2020,1249
Lucas,M,2020,1245
Filip,M,2020,1236
Sander,M,2020,1192
Mathias,M,2020,1184
Theo,M,2020,1169
Kasper,M,2020,1156
Lukas,M,2020,1138
Herman,M,2020,1126
Jonas,M,2020,1052
Benjamin,M,2020,1051
Mikkel,M,2020,1045
Iver,M,2020,1019
Even,M,2020,1014
Leo,M,2020,1006
Håkon,M,2020,1000
Odin,M,2020,1000
Johan,M,2020,994
Leon,M,2020,990
Felix,M,2020,989
Sverre,M,2020,957
Vetle,M,2020,953
Birk,M,2020,913
Jens,M,2020,903
Sebastian,M,2020,873
Brage,M,2020,789
Gabriel,M,2020,777
Edvin,M,2020,742
Sigurd,M,2020,726
Erik,M,2020,721
Julian,M,2020,721
Daniel,M,2020,707
Jacob,M,2020,707
Samuel,M,2020,701
Oscar,M,2020,695
Adrian,M,2020,685
Henry,M,2020,685
Viktor,M,2020,677
Ole,M,2020,663
Martin,M,2020,650
Markus,M,2020,649
Storm,M,2020,625
Albert,M,2020,623
Aron,M,2020,617
Jesper,M,2020,601
Ola,M,2020,601
Edvard,M,2020,591
Alexander,M,2020,581
Nils,M,2020,570
Max,M,2020,557
Andreas,M,2020,545
Emrik,M,2020,544
Einar,M,2020,541
Casper,M,2020,538
David,M,2020,505
Jonathan,M,2020,505
Fredrik,M,2020,500
Mio,M,2020,496
Arthur,M,2020,486
Luca,M,2020,480
Muhammad,M,2020,478
Ask,M,2020,477
Levi,M,2020,475
Leander,M,2020,471
Bjørn,M,2020,467
Victor,M,2020,460
Kristian,M,2020,455
Ludvik,M,2020,454
Anton,M,2020,448
August,M,2020,440
Amund,M,2020,439
Georg,M,2020,436
Lars,M,2020,435
Elliot,M,2020,431
Philip,M,2020,421
Nikolai,M,2020,406
Linus,M,2020,399
Abel,M,2020,385
Sondre,M,2020,383
Aleksander,M,2020,376
Hans,M,2020,357
Thomas,M,2020,354
Trym,M,2020,350
Silas,M,2020,346
Mateo,M,2020,343
Viljar,M,2020,331
Marius,M,2020,330
Peder,M,2020,327
Olai,M,2020,321
Axel,M,2020,320
Christian,M,2020,312
Eirik,M,2020,312
Hugo,M,2020,312
Mohammad,M,2020,310
Harald,M,2020,304
Jørgen,M,2020,287
Sivert,M,2020,287
Teodor,M,2020,287
Helmer,M,2020,283
Luka,M,2020,277
Jan,M,2020,269
Simon,M,2020,266
Dennis,M,2020,265
Marcus,M,2020,264
Falk,M,2020,262
Ivar,M,2020,256
Jon,M,2020,255
Mohammed,M,2020,244
Konrad,M,2020,237
Emilian,M,2020,235
Milian,M,2020,235
Eivind,M,2020,234
Mikael,M,2020,229
Erling,M,2020,227
Lavrans,M,2020,223
Ibrahim,M,2020,220
Kevin,M,2020,220
Wilhelm,M,2020,217
Finn,M,2020,216
Noel,M,2020,216
Ali,M,2020,215
Melvin,M,2020,215
Otto,M,2020,215
Trygve,M,2020,215
Håvard,M,2020,214
Bo,M,2020,211
Colin,M,2020,210
John,M,2020,210
Knut,M,2020,210
Petter,M,2020,208
Aslak,M,2020,204
Nicolai,M,2020,204
Milan,M,2020,203
Karl,M,2020,201
Ailo,M,2020,199
Haakon,M,2020,194
Loke,M,2020,194
Thor,M,2020,190
Bastian,M,2020,189
Omar,M,2020,189
Syver,M,2020,189
Eskil,M,2020,188
Peter,M,2020,188
Alvin,M,2020,186
Tor,M,2020,185
Amir,M,2020,184
Edwin,M,2020,184
Ragnar,M,2020,181
Walter,M,2020,180
Per,M,2020,178
Rayan,M,2020,177
Michael,M,2020,176
Leonard,M,2020,174
Joel,M,2020,173
Kristoffer,M,2020,173
Vegard,M,2020,170
Jeppe,M,2020,169
Vemund,M,2020,168
Fillip,M,2020,167
Karsten,M,2020,167
Bendik,M,2020,165
Matias,M,2020,165
Vebjørn,M,2020,165
Didrik,M,2020,156
Arian,M,2020,154
Caspian,M,2020,154
Heine,M,2020,154
Matteo,M,2020,149
Mats,M,2020,147
Phillip,M,2020,146
Lasse,M,2020,143
Nathaniel,M,2020,143
Alex,M,2020,142
Carl,M,2020,142
Kian,M,2020,142
Vincent,M,2020,140
Mohamed,M,2020,138
Niklas,M,2020,136
Halvor,M,2020,133
Sam,M,2020,133
Wilmer,M,2020,132
Åsmund,M,2020,129
Teo,M,2020,128
Fabian,M,2020,126
Arne,M,2020,125
Ferdinand,M,2020,124
Louis,M,2020,124
Mattis,M,2020,124
Robin,M,2020,124
Sigve,M,2020,123
Audun,M,2020,122
Torbjørn,M,2020,121
Ahmed,M,2020,120
Varg,M,2020,119
Yousef,M,2020,119
Anders,M,2020,116
Edward,M,2020,115
Mons,M,2020,115
Stefan,M,2020,115
Frans,M,2020,114
Sindre,M,2020,113
Severin,M,2020,112
Balder,M,2020,111
Charlie,M,2020,111
Emilio,M,2020,110
Morten,M,2020,110
Yusuf,M,2020,109
Hamza,M,2020,108
Ilyas,M,2020,107
Ivan,M,2020,107
Selmer,M,2020,107
Josef,M,2020,106
Noa,M,2020,106
Isa,M,2020,105
Tim,M,2020,103
Alf,M,2020,102
Isac,M,2020,102
Malvin,M,2020,102
Idris,M,2020,100
Leif,M,2020,100
Magne,M,2020,100
Torjus,M,2020,100
Lauritz,M,2020,98
Isåc,M,2020,96
Jonah,M,2020,95
Kornelius,M,2020,95
Nicholas,M,2020,94
Ruben,M,2020,94
Kai,M,2020,93
Louie,M,2020,93
Olve,M,2020,93
Bernard,M,2020,92
Jakub,M,2020,92
Tarjei,M,2020,92
Ayman,M,2020,91
Endre,M,2020,91
Neo,M,2020,91
Henning,M,2020,90
Marcel,M,2020,90
Aaron,M,2020,89
Maximilian,M,2020,88
Olaf,M,2020,88
Antoni,M,2020,87
Jonatan,M,2020,87
Patrick,M,2020,87
Eilif,M,2020,86
Rasmus,M,2020,86
Snorre,M,2020,86
Alan,M,2020,84
Eliah,M,2020,83
Ådne,M,2020,83
Ismail,M,2020,82
Ivo,M,2020,82
Jone,M,2020,81
Pelle,M,2020,81
Aiden,M,2020,80
Emir,M,2020,80
Imre,M,2020,80
Laurits,M,2020,80
Erlend,M,2020,79
Joakim,M,2020,79
Nikolas,M,2020,79
Ahmad,M,2020,77
Mika,M,2020,77
Nathan,M,2020,77
Ebbe,M,2020,76
Gaute,M,2020,76
Rafael,M,2020,76
Cornelius,M,2020,75
Emre,M,2020,75
Jo,M,2020,75
Tage,M,2020,75
Edgar,M,2020,74
Ian,M,2020,74
Mustafa,M,2020,74
Aryan,M,2020,73
Natan,M,2020,73
Anas,M,2020,72
Joar,M,2020,72
Luis,M,2020,72
Conrad,M,2020,71
Muhammed,M,2020,71
Sjur,M,2020,71
Leonardo,M,2020,70
Matheus,M,2020,70
Asbjørn,M,2020,69
Nicolas,M,2020,69
Arvid,M,2020,68
Emanuel,M,2020,68
Gunnar,M,2020,68
Truls,M,2020,68
Christoffer,M,2020,67
Elling,M,2020,67
Tom,M,2020,67
Ari,M,2020,65
Mark,M,2020,65
Scott,M,2020,65
Espen,M,2020,64
Malik,M,2020,64
Marlon,M,2020,64
Simen,M,2020,64
Thorvald,M,2020,64
Øyvind,M,2020,64
Mads,M,2020,63
Bjørnar,M,2020,62
James,M,2020,62
Nikodem,M,2020,61
Syed,M,2020,61
Zakaria,M,2020,61
Arman,M,2020,60
Bernhard,M,2020,60
Kacper,M,2020,60
Tellef,M,2020,60
Wiktor,M,2020,60
Eldar,M,2020,59
Helge,M,2020,59
Hjalmar,M,2020,59
Lyder,M,2020,59
Edmund,M,2020,58
Yahya,M,2020,58
Bruno,M,2020,57
Franciszek,M,2020,57
Pål,M,2020,57
Sigmund,M,2020,57
Bror,M,2020,56
Sven,M,2020,56
Hassan,M,2020,55
Ryan,M,2020,55
Sølve,M,2020,55
Torvald,M,2020,55
Arvin,M,2020,54
Bilal,M,2020,54
Hallvard,M,2020,54
Younes,M,2020,54
Brede,M,2020,53
Ravn,M,2020,53
Torstein,M,2020,53
Abdullah,M,2020,52
Robert,M,2020,52
Yosef,M,2020,52
Mikail,M,2020,51
Aram,M,2020,50
Egil,M,2020,50
Khalid,M,2020,50
Yasin,M,2020,50
Amin,M,2020,49
Edin,M,2020,49
Maksymilian,M,2020,49
Tomas,M,2020,49
Joshua,M,2020,48
Olivier,M,2020,48
Atle,M,2020,47
Imran,M,2020,47
Vilhelm,M,2020,47
Jostein,M,2020,46
Julius,M,2020,46
Lionel,M,2020,46
Tallak,M,2020,46
Andre,M,2020,45
Kjell,M,2020,45
Patrik,M,2020,45
Paul,M,2020,45
Christopher,M,2020,44
Frank,M,2020,44
Gard,M,2020,44
Torben,M,2020,44
Øystein,M,2020,44
Stian,M,2020,43
Brian,M,2020,42
Dominik,M,2020,42
Eilev,M,2020,42
Jack,M,2020,42
Rolf,M,2020,42
Kåre,M,2020,41
Elian,M,2020,40
Hauk,M,2020,40
Luke,M,2020,40
Matteus,M,2020,40
Willy,M,2020,40
Damian,M,2020,39
Marco,M,2020,39
Odd,M,2020,39
Tore,M,2020,39
Karim,M,2020,38
Artur,M,2020,37
Emmanuel,M,2020,37
Eric,M,2020,37
Samson,M,2020,37
Torje,M,2020,37
Tormod,M,2020,37
Abdul,M,2020,36
Henryk,M,2020,36
Jarle,M,2020,36
Mario,M,2020,36
Mohamad,M,2020,36
Troy,M,2020,36
Eik,M,2020,35
Hermann,M,2020,35
Mahmoud,M,2020,35
Osman,M,2020,35
Thorbjørn,M,2020,35
Tristan,M,2020,35
Birger,M,2020,33
Nikola,M,2020,33
Matas,M,2020,32
Mikal,M,2020,32
Mikolaj,M,2020,32
Tord,M,2020,32
Armin,M,2020,31
Frikk,M,2020,31
Hilmar,M,2020,31
Marvin,M,2020,31
Milo,M,2020,31
Viggo,M,2020,31
Ayub,M,2020,30
Bjarne,M,2020,30
Lorentz,M,2020,30
Miran,M,2020,30
Antonio,M,2020,29
Halvard,M,2020,29
Charles,M,2020,28
Chris,M,2020,28
Joseph,M,2020,28
Terje,M,2020,28
Tønnes,M,2020,28
Vidar,M,2020,28
Alvar,M,2020,27
Brynjar,M,2020,27
Martinus,M,2020,27
Szymon,M,2020,27
Tommy,M,2020,27
Elvin,M,2020,26
Jamie,M,2020,26
Florian,M,2020,25
Gjermund,M,2020,25
Leonel,M,2020,25
Mattias,M,2020,25
Nicklas,M,2020,25
Ethan,M,2020,24
Francis,M,2020,24
Niels,M,2020,24
Ove,M,2020,24
Sami,M,2020,24
Svein,M,2020,24
Ted,M,2020,24
Adem,M,2020,23
Eskild,M,2020,23
Khaled,M,2020,23
Marko,M,2020,23
Reidar,M,2020,23
Stanislaw,M,2020,23
Steinar,M,2020,23
Timian,M,2020,23
Abdirahman,M,2020,22
Dawid,M,2020,22
Evan,M,2020,22
Hussein,M,2020,22
Roald,M,2020,22
Sigbjørn,M,2020,22
Ammar,M,2020,21
Arn,M,2020,21
Dani,M,2020,21
Hubert,M,2020,21
Nataniel,M,2020,21
Richard,M,2020,21
Roy,M,2020,21
Amar,M,2020,20
Andrej,M,2020,20
Arild,M,2020,20
Ben,M,2020,20
Denis,M,2020,20
Fred,M,2020,20
George,M,2020,20
Hadi,M,2020,20
Hasan,M,2020,20
Kenan,M,2020,20
Kyrre,M,2020,20
Salman,M,2020,20
Werner,M,2020,20
Ørjan,M,2020,20
Dominic,M,2020,19
Jarl,M,2020,19
Maksim,M,2020,19
Morgan,M,2020,19
Abdullahi,M,2020,18
Bogdan,M,2020,18
Eilert,M,2020,18
Igor,M,2020,18
Jason,M,2020,18
Ansgar,M,2020,17
Anthony,M,2020,17
Are,M,2020,17
Kjetil,M,2020,17
Rune,M,2020,17
Yonas,M,2020,17
Abraham,M,2020,16
Akram,M,2020,16
Kim,M,2020,16
Konstantin,M,2020,16
Roman,M,2020,16
Torkel,M,2020,16
Adnan,M,2020,15
Arnold,M,2020,15
Magnar,M,2020,15
Adil,M,2020,14
Damir,M,2020,14
Eddie,M,2020,14
Evald,M,2020,14
Haris,M,2020,14
Ingvald,M,2020,14
Joachim,M,2020,14
Norvald,M,2020,14
Oddvar,M,2020,14
Steffen,M,2020,14
Dag,M,2020,13
Oleksandr,M,2020,13
Rami,M,2020,13
Valentin,M,2020,13
Geir,M,2020,12
Ingmar,M,2020,12
Søren,M,2020,12
Torgrim,M,2020,12
Yasir,M,2020,12
Zain,M,2020,12
Agnar,M,2020,11
Dan,M,2020,11
Guttorm,M,2020,11
Karol,M,2020,11
Matthias,M,2020,11
Natnael,M,2020,11
Nicolay,M,2020,11
Abdulrahman,M,2020,10
Kenneth,M,2020,10
Mike,M,2020,10
Omer,M,2020,10
Ottar,M,2020,10
Patryk,M,2020,10
Samir,M,2020,10
Sayed,M,2020,10
Torgeir,M,2020,10
Waldemar,M,2020,10
Yngve,M,2020,10
Abbas,M,2020,9
Frederik,M,2020,9
Haldor,M,2020,9
Halfdan,M,2020,9
Henri,M,2020,9
Hussain,M,2020,9
Johann,M,2020,9
Mathis,M,2020,9
Miguel,M,2020,9
Ahmet,M,2020,8
Bård,M,2020,8
Inge,M,2020,8
Niclas,M,2020,8
Osvald,M,2020,8
Wojciech,M,2020,8
Åge,M,2020,8
Mateusz,M,2020,7
Matthew,M,2020,7
Raphael,M,2020,7
Allan,M,2020,6
Lennart,M,2020,6
Preben,M,2020,6
Trond,M,2020,6
Arve,M,2020,5
Bernt,M,2020,5
Carsten,M,2020,5
Constantin,M,2020,5
Flemming,M,2020,5
Fridtjof,M,2020,5
Maxim,M,2020,5
Mehmet,M,2020,5
Nazar,M,2020,5
Njål,M,2020,5
Ragnvald,M,2020,5
Roar,M,2020,5
Said,M,2020,5
Timo,M,2020,5
Tony,M,2020,5
Adel,M,2020,4
Aleksandr,M,2020,4
Andrew,M,2020,4
Artem,M,2020,4
Boris,M,2020,4
Børge,M,2020,4
Christer,M,2020,4
Daniil,M,2020,4
Darius,M,2020,4
Diego,M,2020,4
Esten,M,2020,4
Fritz,M,2020,4
Gudbrand,M,2020,4
Hogne,M,2020,4
Holger,M,2020,4
Idar,M,2020,4
Ingvar,M,2020,4
Jamal,M,2020,4
Jaran,M,2020,4
Johnny,M,2020,4
Khalil,M,2020,4
Klaus,M,2020,4
Krystian,M,2020,4
Mahad,M,2020,4
Mahdi,M,2020,4
Martinius,M,2020,4
Matvii,M,2020,4
Maximillian,M,2020,4
Mehdi,M,2020,4
Michal,M,2020,4
Nikita,M,2020,4
Rene,M,2020,4
Saad,M,2020,4
Saleh,M,2020,4
Sean,M,2020,4
Sigvald,M,2020,4
Stig,M,2020,4
Sveinung,M,2020,4
Taha,M,2020,4
Tarald,M,2020,4
Youssef,M,2020,4
